TFBS,peak_count,Numberof PostivePeaksForFinetuning,Type,Accuracy,Precision,Recall,Specificity,F1-score,MCC,ROC-AUC,PR-AUC
CTCFL,12743,12743,TF,98.39,98.13,98.68,98.03,98.4,96.72,99.71,99.7
ZNF426,7915,7915,TF,97.09,98.05,95.27,98.23,96.64,93.62,98.08,98.65
SAFB,5361,5361,TF; RBP,97.02,97.11,96.51,97.46,96.81,94.01,98.38,98.57
RBM34,928,928,TF; RBP,97,99.97,93.28,99.97,96.53,94.07,98.18,98.44
TAF15,17900,17900,TF; RBP,96.74,96.53,96.28,97.08,96.41,93.39,99.02,98.58
PCBP1,16229,16229,TF; RBP,96.7,95.66,96.22,97.02,95.94,93.16,99.19,98.66
SRSF3,1610,1610,TF; RBP,96.6,95.55,97.52,96.18,96.52,93.56,98.2,95.53
RBM14,2463,2463,TF; RBP,96.57,96,95.45,96.98,95.73,92.5,98.8,98.4
KDM4A,25968,25968,TF,96.07,96.79,95.2,97.63,95.99,93.03,99.08,98.72
NFYA,4313,4313,TF,95.91,96.03,94.38,97.06,95.19,91.64,96.88,93.73
SPI1,104150,50000,TF,95.79,94.83,96.74,94.79,95.78,91.54,98.75,98.38
HLF,66792,50000,TF,95.71,94.68,97,94.54,95.83,91.57,98.88,98.74
EGR2,57610,50000,TF,95.68,98.75,99.69,98.75,99.22,98.44,99.75,99.6
HNRNPLL,25270,25270,TF; RBP,95.43,93.42,94.05,96.24,93.73,90.16,98.77,97.88
HNRNPK,24014,24014,TF; RBP,95.41,95.16,93.38,96.78,94.27,90.45,97.05,96.06
FIP1L1,10123,10123,TF; RBP,95.35,95.92,92.47,97.21,94.16,90.19,98.25,98.13
ZNF654,33357,33357,TF,95.31,95.86,94.71,95.95,95.28,90.67,97.93,98.17
ZNF146,38167,38167,TF,95.23,95.74,93.61,96.58,94.66,90.38,97.57,97.69
E2F6,30723,30723,TF,95.14,93.41,94.01,95.92,93.71,89.82,98.25,96.91
C11orf30,58686,50000,TF,95.13,94.2,95.78,94.11,94.98,89.91,98.63,98.61
FUS,7495,7495,TF; RBP,95.03,97.88,89.98,98.62,93.76,89.87,94.87,93.76
USF1,60863,50000,TF,94.95,94.54,95.31,94.46,94.93,89.78,98.05,97.78
ZNF770,57572,50000,TF,94.91,93.38,96.7,93.1,95.01,89.87,98.04,97.28
AGO1,16201,16201,TF; RBP,94.81,94.46,91.56,96.77,92.98,88.9,97.19,96.16
MAFG,44030,44030,TF,94.74,93.31,96.13,93.41,94.7,89.52,97.91,97.78
ZFHX2,61052,50000,TF,94.73,99.1,99.32,99.09,99.21,98.41,99.82,99.74
THAP1,5210,5210,TF,94.7,95.51,93.48,95.85,94.48,89.39,98.22,97.82
HES2,6520,6520,TF,94.55,79.76,89.48,95.53,84.34,81.24,97.15,84.39
SRSF1,9933,9933,TF; RBP,94.49,93.71,93.46,95.26,93.59,88.75,98.34,97.9
NFE2,53717,50000,TF,94.22,99.17,99.21,99.18,99.19,98.39,99.76,99.72
MITF,36171,36171,TF,94.14,92.66,94.51,93.81,93.57,88.18,98.35,98.12
MAFF,65684,50000,TF,93.91,93.08,94.77,93.07,93.91,87.84,97.86,97.17
PCBP2,5328,5328,TF; RBP,93.89,95.88,90.73,96.73,93.23,87.96,96.53,96.61
ZIC2,56766,50000,TF,93.77,92.6,95.24,92.25,93.9,87.55,97.82,96.94
GLIS2,33566,33566,TF,93.74,93.75,92.54,94.85,93.14,87.49,98.22,97.8
ZNF121,35805,35805,TF,93.64,98.9,98.83,98.97,98.86,97.8,99.34,99.26
SP2,27956,27956,TF,93.6,94.08,92.19,94.85,93.13,87.16,96.81,95.36
SCRT2,59462,50000,TF,93.59,98.83,99.11,98.82,98.97,97.93,99.56,99.17
BATF,36658,36658,TF,93.58,91.97,95.76,91.56,93.82,87.41,98.16,97.93
HNRNPL,24447,24447,TF; RBP,93.57,92.96,91.63,94.97,92.29,86.79,97.59,96.88
NFE2L2,26392,26392,TF,93.53,91.51,91.02,95,91.27,86.12,97.24,96.09
ZNF585B,7381,7381,TF,93.43,93.06,93.74,93.23,93.4,86.96,97.78,98
NFYB,14696,14696,TF,93.31,92.49,90.91,94.98,91.7,86.13,96.3,95.22
ZSCAN4,23997,23997,TF,93.25,94.54,90.97,95.29,92.72,86.48,97.64,97.75
ZNF316,97518,50000,TF,93.22,91.56,95.38,91.01,93.43,86.51,97.42,97.55
ZNF140,7623,7623,TF,93.19,94.84,90.83,95.39,92.79,86.41,96.45,96.93
ZNF777,7181,7181,TF,93.12,95.31,90.01,96.01,92.58,86.37,97.24,97.07
CBFA2T2,32239,32239,TF,93.06,91.99,94.21,91.92,93.09,86.14,97.31,97.25
TFAP4,27035,27035,TF,93,91.68,94.03,92.05,92.84,86.03,96.79,94.97
ATF4,39441,39441,TF,93,92.57,93.11,92.85,92.84,85.96,97.72,97.64
CTBP2,7351,7351,TF,92.98,92.23,92.48,93.62,92.36,86.08,96.78,94.11
MXD3,14677,14677,TF,92.88,91.73,92.44,93.14,92.08,85.52,98.24,97.87
E2F1,18927,18927,TF,92.88,89.51,83.5,96.37,86.4,81.68,95.25,91.61
ZNF202,6476,6476,TF,92.87,92.35,93.39,92.35,92.87,85.74,96.29,96.5
ZNF266,5097,5097,TF,92.84,92.81,92.31,93.46,92.56,85.79,96.93,96.93
ZNF263,35011,35011,TF,92.83,91.81,91.07,94.11,91.44,85.28,97.39,96.16
ZNF433,3530,3530,TF,92.77,95.18,89.94,95.54,92.49,85.66,96.97,97.7
RBM39,29478,29478,TF; RBP,92.73,91.83,91.4,93.74,91.61,85.19,97.44,96.77
ZNF680,10483,10483,TF,92.69,92.36,92.12,92.92,92.24,85.05,97.36,97.68
ZNF341,33413,33413,TF,92.66,91.47,93.01,92.39,92.24,85.33,97.24,96.26
E2F4,11270,11270,TF,92.64,96.23,85.89,97.54,90.76,85.03,97.32,97.07
CBFA2T3,51994,50000,TF,92.59,91.63,93.73,91.47,92.67,85.22,96.97,96.03
ZNF555,6664,6664,TF,92.57,98.44,86.75,98.58,92.23,85.79,94.78,96.56
RBM25,47193,47193,TF; RBP,92.56,91.71,93.26,91.87,92.48,85.12,96.96,97.05
MAFK,121216,50000,TF,92.55,91.53,93.8,91.27,92.65,85.11,97.36,97.6
ZNF623,14353,14353,TF,92.53,93.83,90.6,94.28,92.19,84.99,96.77,97.51
KAT2A,171,171,TF,92.45,95.45,87.5,96.55,91.3,84.91,92.39,92.84
SIN3B,11700,11700,TF,92.45,95.47,85.65,97.13,90.29,84.38,97.21,96.89
CEBPA,57842,50000,TF,92.39,98.46,99.33,98.44,98.89,97.78,99.7,99.6
U2AF2,2777,2777,TF; RBP,92.37,92.05,91.39,93.21,91.72,84.64,96.2,94.8
ZBTB10,15441,15441,TF,92.27,92.94,89.74,94.36,91.31,84.39,96.02,94.41
PBX3,12981,12981,TF,92.25,93.02,91.45,93.06,92.23,84.52,96.51,95.35
SAP30,15727,15727,TF,92.08,91.36,88.94,94.46,90.13,83.8,96.21,92.3
PHF8,30275,30275,TF,92.03,94.66,83.37,97.19,88.66,82.94,96.25,95.67
PAX5,36090,36090,TF,92.02,89.6,91.96,92.06,90.77,83.76,96.81,94.42
ZNF785,6605,6605,TF,92.01,93.06,89.7,94.05,91.35,83.97,97.35,97.16
ZNF76,11676,11676,TF,92,91.96,89.96,93.65,90.95,83.8,93.83,89.14
HNF4G,35204,35204,TF,91.93,89.61,92.16,91.73,90.87,83.65,96.43,95.82
AHR,10611,10611,TF,91.82,91.59,91.19,92.39,91.39,83.6,97.21,96.43
ZC3H11A,9905,9905,TF; RBP,91.8,94.68,88.2,95.25,91.33,83.76,96.31,97.12
RFX1,38873,38873,TF,91.79,91.53,89.29,93.66,90.4,83.21,96.44,96.43
SMAD4,43342,43342,TF,91.75,90.15,93.3,90.29,91.7,83.57,96.19,94.92
UBTF,19173,19173,TF,91.73,91.83,86.45,95.12,89.06,82.55,94.72,91.45
ZNF704,1834,1834,TF,91.71,92.97,88.81,93.98,90.84,83.05,94.66,94.52
TAL1,36574,36574,TF,91.69,90.24,90.07,92.89,90.15,82.98,96.07,95.03
ZBTB7A,37497,37497,TF,91.69,90.69,89.75,93.14,90.22,83.01,97.14,95.99
CEBPB,148540,50000,TF,91.69,98.12,98.83,98.08,98.47,96.92,99.54,99.42
NFIL3,38852,38852,TF,91.67,90.17,92.91,90.46,91.52,83.33,96.42,96
XRCC5,32847,32847,TF; RBP,91.61,90.32,89.77,92.96,90.04,82.79,95.9,93.22
U2AF1,8379,8379,TF; RBP,91.6,93.1,86.95,95.12,89.92,82.87,96.08,96
ZNF34,9650,9650,TF,91.58,94.9,88.04,95.26,91.34,83.51,95.28,96.71
FOXP2,24150,24150,TF,91.57,90.09,91.48,91.65,90.78,83.03,96.14,93.84
AGO2,33079,33079,TF; RBP,91.55,94.29,84.74,96.37,89.26,82.65,95.16,94.66
RUNX3,69903,50000,TF,91.53,98.39,98.9,98.39,98.64,97.29,99.5,99.27
ZBED5,5100,5100,TF,91.49,91.37,91.49,91.5,91.43,82.99,97.14,96.94
RARA,42489,42489,TF,91.46,89.31,93.98,88.99,91.59,83.04,95.97,94.89
FOS,169317,50000,TF,91.45,98.66,98.72,98.65,98.69,97.37,99.62,99.63
SP3,23619,23619,TF,91.44,92.16,88.37,93.95,90.22,82.71,95.27,94.77
NANOG,15681,15681,TF,91.43,89.59,91.31,91.53,90.45,82.7,95.72,94.36
USF2,37240,37240,TF,91.39,91.53,87.87,93.97,89.66,82.32,96.88,96.27
SP5,23155,23155,TF,91.37,90.58,91.66,91.11,91.12,82.74,95.54,94.28
HNF4A,89892,50000,TF,91.37,88.79,94.67,88.09,91.63,82.93,96.12,95.11
ZNF354C,1640,1640,TF,91.37,97.64,84.49,98.02,90.59,83.43,95.08,96.39
ZNF444,25366,25366,TF,91.35,91.14,90.47,92.12,90.8,82.63,95.64,94.38
GMEB2,4800,4800,TF,91.33,95.33,85.61,96.28,90.21,82.75,95.76,95.89
ZNF677,5777,5777,TF,91.33,91.45,91.25,91.06,91.35,82.3,94.68,94.52
IRF4,21810,21810,TF,91.18,89.45,92.89,89.48,91.14,82.36,96.12,95.26
ETV5,29604,29604,TF,91.18,88.66,93.25,89.33,90.89,82.45,96.55,95.11
PRPF4,8605,8605,TF; RBP,91.14,93.15,86.65,94.84,89.78,82.19,96.21,95.93
FOXA3,45297,45297,TF,91.12,89.55,93.46,89.43,91.46,82.91,96.8,96.6
ZNF292,1900,1900,TF,91.11,94.8,86.73,95,90.59,81.87,94.63,96.11
GLIS1,58506,50000,TF,91.07,89.4,90.8,89.45,90.1,80.25,96.04,95.32
FOXA2,99343,50000,TF,91.05,89.41,93.24,88.83,91.28,82.16,96.39,96.06
KLF9,32290,32290,TF,90.99,91.56,84.62,95.11,87.95,81.03,95.59,94.68
SOX5,37979,37979,TF,90.98,87.97,93.92,88.29,90.85,82.14,95.23,93.77
BCL6,38142,38142,TF,90.97,89.04,92.85,89.24,90.9,82.05,96.3,95.48
IRF3,5726,5726,TF,90.97,93.79,82.27,96.5,87.65,80.96,96.01,95.01
ZNF223,5176,5176,TF,90.97,90.49,90.72,91.07,90.6,81.79,95.52,95.63
HCFC1,19700,19700,TF,90.96,89.7,81.35,95.55,85.32,79.01,94.4,91.32
HNRNPH1,2446,2446,TF; RBP,90.85,91.27,88.28,92.99,89.75,81.53,96.02,95.65
DEAF1,3170,3170,TF; RBP,90.85,93.85,86.79,94.66,90.18,81.85,94.68,95.53
CEBPZ,1971,1971,TF; RBP,90.82,89.84,83.94,94.56,86.79,79.73,89.86,85.64
PTBP1,8063,8063,TF; RBP,90.8,89.3,90.48,91.12,89.88,81.51,94.48,89.35
STAT3,65231,50000,TF,90.79,91.01,90.61,91.03,90.81,81.64,96.82,96.85
KAT2B,3106,3106,TF,90.77,88.87,92.16,89.05,90.48,81.18,96.6,96.8
SOX13,48796,48796,TF,90.76,89.3,92.4,89.28,90.83,81.69,96.32,95.69
ZNF423,11299,11299,TF,90.75,91.53,89.15,92.3,90.32,81.55,94.63,93.05
STAT2,4303,4303,TF,90.73,87.93,91.05,90.49,89.46,81.24,95.84,93.72
MEIS2,52199,50000,TF,90.71,90.14,91.44,89.9,90.78,81.35,96.27,96.07
ATF2,110897,50000,TF,90.69,91.16,89.99,91.36,90.57,81.37,94.77,94.25
NFIA,27816,27816,TF,90.67,88.33,92.95,88.55,90.58,81.46,95.6,95.07
PATZ1,35416,35416,TF,90.67,91.72,87.44,93.38,89.53,81.2,96.62,95.93
ZNF398,26224,26224,TF,90.66,90.84,89.07,92.07,89.94,81.24,94.96,92.96
KLF1,40024,40024,TF,90.65,90.79,87.9,92.87,89.32,81.06,94.52,92.79
SCRT1,25487,25487,TF,90.65,90.88,89.96,91.32,90.42,81.3,94.93,94.54
NFIB,27982,27982,TF,90.65,90.32,85.66,93.94,87.93,80.39,96.05,95.1
PLRG1,2256,2256,TF,90.64,90.88,89.25,91.4,90.06,80.7,96.68,96.85
PRDM1,50489,50000,TF,90.62,95.62,94.72,95.62,95.17,90.34,98.83,98.73
ZNF133,8423,8423,TF,90.61,90.11,90.33,91.02,90.22,81.33,95.36,94.71
SREBF2,4933,4933,TF,90.59,91.88,86.51,93.87,89.11,80.96,96.2,95.55
EBF1,56947,50000,TF,90.59,90.18,91.1,90.06,90.64,81.16,95.31,94.3
THAP11,31698,31698,TF,90.57,89.5,90.08,90.97,89.79,81.02,94.85,93.4
ZNF48,28840,28840,TF,90.56,89.83,89.33,91.6,89.58,80.97,94.31,91
POU5F1,7870,7870,TF,90.56,91.39,88.08,92.73,89.71,81.04,96.35,95.35
RB1,31314,31314,TF,90.5,90.59,85.47,93.94,87.95,80.22,94,91.78
ZBTB6,13955,13955,TF,90.44,90.39,89.74,90.88,90.06,80.64,95.43,95.01
HNF1A,12818,12818,TF,90.44,88.64,91.68,89.25,90.13,80.86,93.47,91.12
KDM5B,18356,18356,TF,90.43,92.08,85.65,94.2,88.75,80.6,96.53,95.91
ZNF521,1585,1585,TF,90.37,94.12,86.31,94.74,90.04,81.4,96.17,96.82
GLI4,6130,6130,TF,90.37,93.13,87.14,93.59,90.04,80.9,96.45,96.57
RERE,11849,11849,TF,90.37,85.71,93.16,86.75,89.28,79.65,95.15,93.11
ZBTB26,32837,32837,TF,90.33,90.67,84.33,94.27,87.38,79.67,93.76,90.92
FOXP1,31380,31380,TF,90.33,88.5,90.4,90.27,89.44,80.53,95.14,93.99
ZNF596,14087,14087,TF,90.31,91.32,88.49,91.87,89.88,80.45,95.56,95.65
ZBTB21,18547,18547,TF,90.29,90.6,88.47,91.9,89.52,80.5,96.14,95.86
HMGXB4,25984,25984,TF,90.27,90.11,88.91,91.44,89.5,80.43,93.94,91.67
TEAD1,33326,33326,TF,90.27,87.43,93.35,87.4,90.29,80.76,95.53,94.84
ZNF660,29821,29821,TF,90.18,90.77,88.78,91.55,89.77,80.41,94.75,94.22
SFPQ,335,335,TF; RBP,90.18,94.34,86.21,94.44,90.09,80.72,91.7,90.66
ZNF658,1325,1325,TF,90.14,93.44,84.24,94.37,88.6,79.15,93.92,94.54
SKI,30460,30460,TF,90.12,88.82,89.73,90.5,89.27,80.17,95.47,93.65
SRF,27692,27692,TF,90.12,88.55,87.3,92.13,87.92,79.6,96,94.95
CEBPG,87912,50000,TF,90.11,88.8,91.53,88.75,90.14,80.28,96.25,96.42
ZHX1,5512,5512,TF,90.1,90.18,87.1,92.47,88.61,79.89,94.55,92.57
RUNX1,7554,7554,TF,90.07,90.41,88.21,91.72,89.3,80.07,94.29,91.85
RXRB,38236,38236,TF,90.07,87.08,92.76,87.65,89.83,80.29,94.62,92.92
ZBTB48,24899,24899,TF,90.05,87.61,91.04,89.13,89.29,79.98,96.26,95.22
ZNF747,1427,1427,TF,90.02,88.64,89.04,88.74,88.84,77.78,95.87,95.94
VEZF1,35726,35726,TF,90.01,91.08,85.38,93.53,88.14,79.59,94.32,93.48
GATA1,33326,33326,TF,89.96,88.23,86.41,92.32,87.31,79.01,93.39,91.08
ZNF670,1288,1288,TF,89.95,92.07,84.83,94.09,88.3,79.72,95.12,95.63
ARID4B,42648,42648,TF,89.94,88.59,89.39,90.39,88.99,79.72,94.05,92.27
ZNF449,18374,18374,TF,89.94,90.2,88.46,91.28,89.32,79.82,94.61,94.5
KLF17,25375,25375,TF,89.93,89.44,88.68,91,89.05,79.73,96.18,95.48
ZBTB20,31889,31889,TF,89.91,89.07,87.41,91.84,88.23,79.44,95.2,92.94
ELF3,35966,35966,TF,89.85,88.14,90.76,89.02,89.43,79.69,95.06,93.86
ZNF16,2784,2784,TF,89.85,91.45,86.95,92.52,89.14,79.71,95.41,95.27
ZMIZ1,1077,1077,TF,89.85,90.36,89.82,89.87,90.09,79.68,95.22,95.28
ZSCAN5A,8202,8202,TF,89.84,90.51,87.93,91.47,89.2,79.51,93.59,90.92
ZNF143,66295,50000,TF,89.84,98.83,98.15,98.84,98.49,96.99,99.48,99.5
ZNF513,11211,11211,TF,89.78,92.64,85.35,93.81,88.85,79.67,94.49,95.41
PPARG,23903,23903,TF,89.77,88.87,90.08,89.49,89.47,79.54,94.59,93.53
ZBTB8A,32420,32420,TF,89.73,91.68,85.05,93.54,88.24,79.23,94,92.72
IRF5,2755,2755,TF,89.71,91.67,87.26,92.14,89.41,79.51,93.56,94.62
ZMYM3,43157,43157,TF,89.71,87.46,91.26,88.33,89.32,79.47,95.52,95.45
DEK,8490,8490,TF,89.7,87.71,89.95,89.5,88.82,79.3,95.38,93.29
GABPB1,47437,47437,TF,89.7,90.99,87.33,91.86,89.12,79.34,94.29,92.92
ZNF629,37813,37813,TF,89.69,88.98,88.84,90.42,88.91,79.28,94.14,92.43
ETV1,20672,20672,TF,89.68,89.41,89.36,89.9,89.39,79.26,95.3,95.09
ZNF394,28297,28297,TF,89.67,90.67,86.68,92.29,88.63,79.28,94.54,94.01
TEAD4,34189,34189,TF,89.66,90.3,88.69,90.63,89.49,79.35,95.4,94.56
PHF20,13930,13930,TF,89.63,91.79,85.6,93.2,88.59,79.27,94.4,91.57
RBBP5,30322,30322,TF,89.59,90.8,80.6,95.07,85.4,77.72,96.01,94.46
NFYC,15080,15080,TF,89.59,90.6,87.58,91.55,89.07,79.26,95.3,95.46
ELK1,12298,12298,TF,89.58,90.67,79.39,95.37,84.66,77.21,91.33,89.55
H4K12ac,42837,42837,Histone,89.57,88.73,90.34,88.77,89.53,79.11,96.1,95.46
HMBOX1,24883,24883,TF,89.55,87.63,89.99,89.15,88.79,79,95.65,94.82
KDM5A,13023,13023,TF,89.53,92.53,74.46,97.01,82.52,76.06,92.86,90.18
WHSC1,1801,1801,TF,89.51,85.27,93.61,85.95,89.25,79.38,94.42,89.89
ZNF692,30183,30183,TF,89.51,89.26,87.98,90.83,88.62,78.9,94.15,92.63
MEF2B,34822,34822,TF,89.51,89.23,87.79,91,88.5,78.89,94.65,93.45
TCF7L2,28567,28567,TF,89.46,87.21,86.42,91.48,86.81,78.01,94.06,91.99
SAP130,58021,50000,TF,89.46,88.69,90.59,88.3,89.63,78.92,93.52,92.26
SETDB1,4903,4903,TF,89.45,90.32,85.2,92.72,87.69,78.48,96.29,95.41
ZKSCAN1,20226,20226,TF,89.45,89.53,85.77,92.26,87.61,78.46,94.37,92.44
GATA4,12156,12156,TF,89.43,88.14,89.87,89.83,88.99,79.58,94.52,91.79
EGR1,67451,50000,TF,89.43,91.2,87.4,91.47,89.26,78.93,93.84,93.58
SUZ12,24316,24316,TF,89.36,91.95,75.45,96.57,82.88,76.05,94.21,91.33
HDAC6,5762,5762,TF,89.35,92.23,83.02,94.41,87.38,78.54,95.07,94.75
TEAD3,42854,42854,TF,89.35,88.08,90.35,88.51,89.2,78.82,95.32,93.94
SRSF9,846,846,TF; RBP,89.34,93.52,81.45,95.27,87.07,78.1,96.1,95.7
MLX,14640,14640,TF,89.33,86.92,90.87,87.94,88.85,78.67,93.58,91.33
ARID1B,45992,45992,TF,89.32,88.8,88.73,89.86,88.77,78.6,95.17,94.59
ZSCAN30,24704,24704,TF,89.31,90.61,86.77,91.57,88.65,78.51,94.12,92.49
ZFP36,32993,32993,TF; RBP,89.3,86.75,86.13,91.41,86.44,77.64,94.32,92.7
ZFP64,9433,9433,TF,89.3,88.21,89.4,89.15,88.8,78.5,94.25,93.12
ZNF518A,16690,16690,TF,89.3,90.69,85.65,92.26,88.1,78.27,94.68,95.04
ZNF512,17500,17500,TF,89.29,90.52,84.71,92.93,87.52,78.28,95.55,95.6
MEF2C,11421,11421,TF,89.25,87.48,90.97,87.55,89.19,78.51,94.66,93.88
ARID2,11585,11585,TF,89.24,88.96,88.59,89.89,88.78,78.49,93.47,91.82
IKZF5,25386,25386,TF,89.21,86.52,90.76,87.92,88.59,78.47,94.7,92.99
PRDM2,3824,3824,TF,89.19,88.89,88.27,90.03,88.58,78.33,93.29,91.23
KDM6A,12193,12193,TF,89.17,88.13,89.53,88.85,88.82,78.34,95.31,94.56
RXRA,85611,50000,TF,89.17,88.02,90.9,87.4,89.44,78.37,94.78,93.82
NRF1,41391,41391,TF,89.15,90.88,84.6,92.92,87.63,78.13,93.52,92.27
MEF2A,22725,22725,TF,89.15,89.76,88.39,90.04,89.07,78.45,95.08,95.07
SREBF1,13518,13518,TF,89.15,88.64,86.67,91.09,87.65,77.95,95.62,95.11
BCOR,41985,41985,TF,89.08,87.59,89.93,88.37,88.74,78.24,95.34,94.44
FOSL1,43596,43596,TF,89.06,89.89,86.28,91.51,88.05,78.04,94.11,93.96
ZFP69B,21782,21782,TF,89.05,90.4,86.47,91.45,88.39,78.11,94.54,93.79
ZNF837,2332,2332,TF,89,91.49,85.75,92.37,88.53,78.38,94.06,94.52
CREB1,89914,50000,TF,88.96,88.95,89.13,88.75,89.04,77.88,95.48,96.05
KDM3A,15970,15970,TF,88.94,86.26,89.97,88.05,88.07,77.8,92.68,88.4
POU2F2,19963,19963,TF,88.92,87.74,89.83,88.02,88.77,77.83,93.25,89.71
RBPJ,24864,24864,TF,88.92,87.53,87.67,89.72,87.6,77.38,94.85,93.61
H2AK9ac,129243,50000,Histone,88.91,86.83,91.79,86.03,89.24,77.95,94.58,92.7
IRF2,31753,31753,TF,88.9,86.93,88.07,89.56,87.49,77.52,93.77,92.14
EED,33175,33175,TF,88.9,88.65,87.71,89.97,88.18,77.73,94.22,92.87
CBFB,18476,18476,TF,88.89,88.53,86.92,90.52,87.72,77.56,93.81,91.26
ZNF362,20426,20426,TF,88.88,89.07,85.87,90.96,87.44,77.07,94.25,92.46
HMG20A,24288,24288,TF,88.87,87.32,89.33,88.56,88.31,77.8,94.68,93.45
NR2F6,59262,50000,TF,88.87,88.05,89.71,88.04,88.87,77.75,93.72,92
MIXL1,25659,25659,TF,88.8,86.56,90.33,87.42,88.4,77.64,94.17,93.38
ZNF768,7605,7605,TF,88.79,89.37,87.39,90.04,88.37,77.49,92.77,94.22
ZNF791,3900,3900,TF,88.77,91.43,84.8,92.51,87.99,77.66,94.79,95.45
ZNF652,15412,15412,TF,88.76,89.03,87.89,89.79,88.46,77.71,95.01,94.59
GTF2B,1890,1890,TF,88.76,93.67,81.02,95.34,86.89,77.76,94.01,94.5
CBX1,12838,12838,TF,88.75,89.21,85.29,91.47,87.21,77.12,94.69,92.62
KLF4,6883,6883,TF,88.72,88.1,84.08,91.89,86.04,76.53,92.03,91.82
HHEX,7808,7808,TF,88.7,86.4,90.42,87.14,88.36,77.47,95.48,94.32
ZFP91,12862,12862,TF,88.7,88.36,87.49,89.73,87.92,77.26,93.44,93.1
ETS1,30554,30554,TF,88.69,87.74,81.87,92.91,84.7,75.86,94.07,90.02
FOSL2,54934,50000,TF,88.66,88.98,88.07,89.23,88.52,77.31,92.87,91.8
GMEB1,22958,22958,TF,88.61,90.24,83.77,92.58,86.89,77.01,94.78,94.21
MYRF,6038,6038,TF,88.61,90.03,86.21,90.89,88.08,77.25,92.66,88.81
CREB3L1,16274,16274,TF,88.6,89.04,83.36,92.46,86.11,76.58,93.55,91.45
MBD2,20596,20596,TF,88.6,90.05,82.23,93.27,85.96,76.58,94.29,92.38
ZNF384,49451,49451,TF,88.58,88.07,88.77,88.29,88.42,77.06,94.86,94.74
ZNF664,26774,26774,TF,88.58,86.11,91.21,86.15,88.58,77.35,94.23,93.8
SP7,43425,43425,TF,88.58,88.54,86.35,90.46,87.43,76.97,93.73,92.33
AEBP2,2439,2439,TF,88.57,91.33,85.41,91.78,88.27,77.32,92.65,93.95
HOMEZ,25047,25047,TF,88.57,85.69,91.35,85.99,88.43,77.28,94.49,93.05
ZNF514,1637,1637,TF,88.55,90.64,86.94,91.3,88.75,78.36,93.62,94.15
DRAP1,23241,23241,TF,88.55,87.74,87.66,89.34,87.7,77.01,93.04,91.43
HSF1,3588,3588,TF,88.53,88.14,85.44,90.46,86.77,76.13,93.77,93.41
FOXA1,144475,50000,TF,88.52,86.8,90.84,86.17,88.77,77.1,94.82,94.45
KLF10,18933,18933,TF,88.52,88.87,85.46,91.09,87.13,76.85,93.65,91.19
ZNF18,18879,18879,TF,88.49,88.9,86.82,90.24,87.85,77.17,93.25,92.44
GATAD1,22354,22354,TF,88.45,88.42,86.68,90.03,87.54,76.82,92.76,90.62
BRCA1,4271,4271,TF,88.43,91.39,78.46,95.08,84.43,75.87,91.88,90.63
GATA3,89323,50000,TF,88.41,86.56,91.07,85.77,88.76,76.95,93.95,93.68
TBX3,16097,16097,TF,88.37,85.78,87.62,88.94,86.69,76.37,92.33,87.32
HIC1,24393,24393,TF,88.34,88.28,87.47,89.21,87.87,76.71,95.07,94.7
ELF4,19552,19552,TF,88.29,88.63,83.34,91.95,85.91,75.96,91.81,90.4
KLF7,11741,11741,TF,88.28,89.05,85.94,90.36,87.47,76.46,95.07,95.1
MAZ,57653,50000,TF,88.25,90.87,85.32,91.26,88.01,76.68,93.3,92.34
YY2,9753,9753,TF,88.25,88.18,86.89,89.59,87.53,76.55,94.5,93.99
RLF,9482,9482,TF,88.25,90.4,84.26,91.83,87.22,76.48,91.97,89.17
ZNF561,21469,21469,TF,88.25,87.7,87.24,89.14,87.47,76.41,92.52,89.34
HBP1,13101,13101,TF,88.25,88.29,85.78,90.24,87.02,76.2,94.35,92.31
PBX2,38883,38883,TF,88.24,88.7,85.11,90.84,86.87,76.24,92.57,90.17
GATA2,71662,50000,TF,88.17,87.2,89.11,87.26,88.14,76.37,93.72,92.79
ESRRA,41619,41619,TF,88.17,87.25,86.66,89.43,86.95,76.13,93.13,89.98
ZNF189,35323,35323,TF,88.17,87.73,86.46,89.48,87.09,76.02,93.99,92.74
MIER2,15598,15598,TF,88.16,88.04,87.41,88.83,87.72,76.26,93.74,92.28
TBX21,38025,38025,TF,88.15,86.9,87.91,88.34,87.4,76.21,94.73,94.2
DMAP1,21794,21794,TF,88.15,86.15,85.93,89.63,86.04,75.58,92.88,89.99
RFX3,6180,6180,TF,88.14,88.61,86.8,89.41,87.7,76.27,92.23,93.25
FEZF1,31350,31350,TF,88.12,88.11,86.7,89.12,87.4,75.88,94.8,93.99
ZNF248,2499,2499,TF,88.12,90.99,83.91,92.11,87.31,76.4,92.8,92.85
ZNF600,45001,45001,TF,88.11,87.85,86.98,89.1,87.42,76.12,93.97,90.88
NR2F2,55514,50000,TF,88.09,87.92,88.07,88.13,88,76.2,95.03,94.56
ZNF560,3447,3447,TF,88.07,91.12,84.48,91.68,87.67,76.34,95.15,96.12
BHLHE40,90623,50000,TF,88.01,88.14,87.86,88.19,88,76.05,92.37,91.72
NFKBIZ,12731,12731,TF,88,86.36,87.41,88.32,86.89,75.67,93.2,90.86
SOX6,36530,36530,TF,87.97,87.53,86.83,88.96,87.18,75.83,92.97,91.69
NCOA1,26193,26193,TF,87.95,87.78,80.32,92.79,83.89,74.42,92.56,89.24
ZNF2,24945,24945,TF,87.94,89.36,83.7,91.57,86.44,75.77,92.68,91
JUNB,51972,50000,TF,87.93,88.38,87.66,88.21,88.02,75.87,92.72,91.19
KDM4B,7803,7803,TF,87.93,92.47,81.11,94.03,86.42,76.1,93.56,94.18
ZNF10,17922,17922,TF,87.88,88.17,86.18,89.28,87.16,75.54,93.83,93.93
MYB,3337,3337,TF,87.86,89.57,83.91,91.35,86.65,75.67,94.72,93.1
MGA,28338,28338,TF,87.84,87.71,85.33,89.96,86.5,75.47,91.45,85.5
ZBTB2,16341,16341,TF,87.82,90.6,82.91,92.31,86.59,75.81,94.58,94.15
ZEB1,20733,20733,TF,87.82,89.58,81,92.95,85.07,75.12,94.37,93.15
REPIN1,5721,5721,TF,87.81,91.1,81.76,93,86.18,75.59,94.22,94.58
ZNF148,21902,21902,TF,87.79,90.32,81.52,92.95,85.69,75.47,92.13,92.12
ERF,27611,27611,TF,87.78,87.57,85.42,89.77,86.48,75.36,92.92,90.58
KLF8,27450,27450,TF,87.78,89.12,83.46,91.42,86.2,75.38,91.63,88.66
MYC,94483,50000,TF,87.77,88.62,86.47,88.97,87.53,75.46,93.73,92.94
TRIM22,55932,50000,TF,87.77,98.29,97.7,98.34,97.99,96.04,99.03,99.13
RFX5,24728,24728,TF,87.76,85.88,78.39,92.85,81.96,72.83,92.33,89.55
DACH1,18904,18904,TF,87.72,87.98,86.65,88.73,87.31,75.42,92.88,92.63
ZNF239,4689,4689,TF,87.71,89.26,84.59,90.69,86.87,75.55,92.62,91.05
ZNF366,44505,44505,TF,87.69,98.13,97.68,98.38,97.9,96.09,99.1,98.73
PRDM6,42954,42954,TF,87.65,86.42,88.1,87.26,87.25,75.31,94.46,92.98
ATF3,94190,50000,TF,87.61,88.82,85.96,89.17,87.36,75.16,92.96,92.73
RAD51,36133,36133,TF,87.58,88.83,80.47,92.7,84.45,74.39,93.59,92.92
PRDM4,20853,20853,TF,87.55,87.51,86.61,88.44,87.06,75.08,93.45,92.04
KAT8,31059,31059,TF,87.54,86.48,85.32,89.33,85.89,74.75,92.39,89.64
MBD1,18264,18264,TF,87.54,85.04,84.1,90.01,84.57,74.25,92.74,88.6
PKNOX1,113107,50000,TF,87.54,86.56,88.55,86.5,87.54,75.05,94.59,94.36
WT1,26226,26226,TF,87.54,86.15,87.23,87.74,86.69,74.92,92.85,89.27
CHD2,41627,41627,TF,87.52,87.88,84.35,90.27,86.08,74.92,93.75,91.52
ZXDB,30796,30796,TF,87.51,86.92,85.29,89.16,86.1,74.57,91.92,88.84
HMG20B,12656,12656,TF,87.5,86.9,87.04,87.87,86.97,74.91,93.22,90.82
SIX5,10595,10595,TF,87.49,88.08,71.99,95.16,79.23,71.12,89.33,86.03
MAX,94496,50000,TF,87.44,87.67,87.51,87.34,87.59,74.85,92.05,89.23
TRIM24,35639,35639,TF,87.42,85.57,83.69,89.95,84.62,73.88,93.51,90.72
NONO,29192,29192,TF; RBP,87.4,89.35,76.7,94.1,82.54,73.16,89.28,84.68
NFE2L1,10261,10261,TF,87.36,90.22,77.73,94.1,83.51,73.89,90.34,91.43
ZSCAN16,6915,6915,TF,87.36,88.44,85.73,89.36,87.06,75.18,92.03,89.65
ZNF391,12610,12610,TF,87.36,90.01,82.43,91.75,86.05,74.73,92.69,90.97
GATAD2A,59253,50000,TF,87.27,86.4,88.29,86.24,87.34,74.54,92.84,92.14
ZNF282,12994,12994,TF,87.23,89.57,82.21,91.63,85.73,74.44,92.1,90.4
SMC3,89498,50000,TF,87.23,88.33,85.56,88.88,86.92,74.49,93.67,94.33
SMARCA4,94655,50000,TF,87.23,87.47,86.99,87.47,87.23,74.45,92.59,91.47
ZNF645,3597,3597,TF,87.19,90.2,82.16,91.7,85.99,74.36,93.82,93.71
SIRT6,831,831,TF,87.18,86.61,85.94,88.28,86.27,74.25,91.81,89.63
ZNF205,17444,17444,TF,87.17,86.32,85.04,88.67,85.68,73.81,93.89,92.45
ZBTB11,34307,34307,TF,87.17,90.1,77.13,94.12,83.11,73.43,93.24,92.37
KLF13,11590,11590,TF,87.15,86.8,87.05,87.25,86.93,74.3,90.16,85.26
NKRF,27626,27626,TF; RBP,87.15,89.94,76.97,94.11,82.95,73.31,93.67,92.25
OSR2,33243,33243,TF,87.15,86.7,86.29,87.94,86.49,74.25,92.7,90.29
CC2D1A,24056,24056,TF,87.14,87.1,85.39,88.7,86.24,74.18,92.24,91.48
NFIC,74803,50000,TF,87.14,88.12,86.09,88.19,87.09,74.29,92.88,93.61
ZNF138,1611,1611,TF,87.12,93.67,80.86,93.99,86.79,75.12,93.04,94.92
PHB2,8362,8362,TF,87.11,87.36,85.38,88.63,86.36,74.1,93.7,93.49
ZHX2,14751,14751,TF,87.11,86.21,83.03,90.11,84.59,73.53,92.57,90.95
ZNF614,21841,21841,TF,87.09,85.65,87.05,87.14,86.34,74.12,92.96,90.43
ZBTB44,19961,19961,TF,87.09,87.29,86.65,87.55,86.97,74.21,91.7,89.35
ZNF501,18650,18650,TF,87.07,89.29,80.33,92.48,84.58,73.92,89.56,85.25
ZNF547,4777,4777,TF,87.07,88.48,85.92,88.01,87.18,73.89,93.08,93.55
E4F1,27783,27783,TF,87.05,87.43,79.92,92.01,83.51,73.08,91.86,88.4
ZNF530,2193,2193,TF,87,87.86,84.62,88.95,86.21,73.69,92.54,93.54
MYNN,19348,19348,TF,86.97,87.69,83.08,90.2,85.32,73.68,92.29,90.37
INSM2,16385,16385,TF,86.94,87.9,84.54,88.95,86.19,73.61,92.8,91.74
ZBTB7B,9156,9156,TF,86.94,88.79,83.09,90.73,85.85,74.23,93.93,93.22
BCL11B,11525,11525,TF,86.93,89,83.21,90.33,86.01,73.83,92.01,89.38
ZBTB12,10363,10363,TF,86.93,86.8,85.67,87.75,86.23,73.45,92.9,91.71
PML,18068,18068,TF,86.92,88.15,82.66,90.43,85.32,73.54,93.87,93.51
SALL2,2489,2489,TF,86.9,90.53,82.91,91.03,86.55,74.1,93.23,94.22
NR2F1,70026,50000,TF,86.87,87.15,86.59,87.12,86.87,73.71,93.08,92.05
LCORL,10617,10617,TF,86.86,86.48,87.24,86.56,86.86,73.79,93.26,93.83
THRB,14895,14895,TF,86.86,86.16,85.93,87.73,86.05,73.67,92.7,91.63
ZGPAT,33522,33522,TF,86.84,84.54,85.73,87.71,85.13,73.33,90.76,86.79
MIER3,19565,19565,TF,86.83,88.12,83.4,90,85.69,73.71,92.53,91.2
KMT2B,17871,17871,TF,86.81,87.49,82.32,90.35,84.82,73.16,92.77,91.54
TGIF2,18162,18162,TF,86.8,87.04,83.92,89.08,85.45,73.21,92.88,90.99
IKZF2,52015,50000,TF,86.79,88.03,85.3,88.27,86.64,73.59,92.67,91.71
ZBTB33,96111,50000,TF,86.78,92.4,91.64,92.66,92.02,84.31,97.16,96.92
NEUROD1,19165,19165,TF,86.73,87.01,84.26,88.91,85.61,73.34,92.99,91.71
ATF7,105695,50000,TF,86.72,87.68,85.64,87.84,86.65,73.49,92.77,93.41
SMARCE1,48505,48505,TF,86.71,86.83,85.9,87.31,86.36,73.22,92.37,91.4
RELB,36669,36669,TF,86.71,85.74,83.4,89.28,84.55,72.92,93.6,91.95
ELF1,70684,50000,TF,86.71,89.48,83.38,90.07,86.32,73.6,93.8,94.5
ZNF843,22911,22911,TF,86.68,86.14,84.7,88.33,85.41,73.13,92.05,89.55
ATM,2162,2162,TF,86.67,86.26,85.71,87.54,85.99,73.27,93.74,94.31
ZNF473,2252,2252,TF,86.67,89.91,83.05,90.18,86.34,73.3,92.54,93
MXD4,18180,18180,TF,86.63,86.96,82.05,90.26,84.43,72.84,91.34,88.33
ZNF707,3329,3329,TF,86.61,84.44,89,84.11,86.66,73.15,93.38,93.31
CREM,72466,50000,TF,86.61,88.26,84.91,88.35,86.56,73.28,92.96,93.26
ZNF157,3778,3778,TF,86.6,86.15,86.9,86.32,86.52,73.21,89.54,86.21
IKZF3,29535,29535,TF,86.59,87.31,84.35,88.69,85.8,73.18,91.99,88.04
DIDO1,7186,7186,TF,86.58,88.79,82.74,90.12,85.66,73.16,92.29,92.48
ZSCAN26,2537,2537,TF,86.56,91.32,79.63,92.71,85.08,73.1,93.43,94.67
MXI1,52982,50000,TF,86.53,88.35,84,89.05,86.12,73.16,94.05,94.26
ZSCAN18,4130,4130,TF,86.51,90.02,80.78,91.77,85.15,73.21,92.3,92.92
CDC5L,5151,5151,TF,86.47,88.9,81.57,90.87,85.08,72.97,93.59,93.67
KLF5,11680,11680,TF,86.44,89.28,81.74,91.1,85.35,73.38,92.7,90.15
ZNF512B,8552,8552,TF,86.43,88.24,79.13,91.98,83.44,72.31,93.26,91.76
LARP7,27160,27160,TF; RBP,86.42,88.12,80.48,91.23,84.12,72.54,93.32,92.81
ZNF280C,1292,1292,TF,86.42,87.37,84.8,87.56,86.07,72.38,92.27,92.66
L3MBTL2,52245,50000,TF,86.41,87.67,84.83,88.01,86.23,72.87,91.05,89.82
MCM2,4549,4549,TF,86.41,90.89,80.55,92.12,85.41,73.24,93.45,94.29
ZNF404,2249,2249,TF,86.4,88.06,82.98,89.58,85.45,72.82,91.88,93.7
E2F7,2985,2985,TF,86.4,88.7,82.23,90.27,85.34,72.88,91.15,91.4
MTA1,22370,22370,TF,86.34,86.94,81.71,89.92,84.24,72.13,93.57,92.13
ZNF324,14713,14713,TF,86.32,89.13,80.46,91.38,84.57,72.58,93.81,93.44
GTF2F1,39350,39350,TF; RBP,86.32,87.36,80.03,91.04,83.54,71.95,92.14,90.16
RAD21,188052,50000,TF,86.3,97.73,98.11,97.72,97.92,95.83,99.11,98.99
NR2C1,31898,31898,TF,86.27,84.94,79.04,90.96,81.88,70.99,90.51,85.79
RBAK,3642,3642,TF,86.25,85.82,85.66,86.79,85.74,72.46,92.56,93.16
TCF7,30462,30462,TF,86.23,83.48,87.38,85.23,85.39,72.43,92.08,90.33
ZNF776,2838,2838,TF,86.23,85.4,84.98,87.12,85.19,72.11,92.22,92.04
ARHGAP35,4817,4817,TF,86.18,89.16,81.99,90.27,85.43,72.56,93.57,93.39
STAT1,11457,11457,TF,86.15,87.93,79.09,91.47,83.28,71.62,92.57,90.18
ZNF621,1976,1976,TF,86.14,91.4,80.44,91.7,85.57,72.29,92.51,92.93
YBX3,2599,2599,TF; RBP,86.12,87.29,81.96,89.53,84.54,71.89,90.9,90.72
ZNF610,13333,13333,TF,86.07,88.83,80.3,91.01,84.35,72,91.36,89.32
OVOL3,9089,9089,TF,86.05,86.55,83.77,88.19,85.14,72.1,90.46,88.66
GLI2,5650,5650,TF,86.05,86.84,85.73,86.73,86.28,72.46,91.17,92.26
KLF6,15409,15409,TF,86.05,86.52,81.89,89.5,84.14,71.82,91.14,87.94
ASH1L,7269,7269,TF,85.96,92.5,77.22,94.17,84.17,72.75,92.97,93.93
NR3C1,62779,50000,TF,85.91,86.54,85.25,86.59,85.89,71.84,93.29,93.1
KLF16,48641,48641,TF,85.91,88.03,82.62,89.11,85.24,71.93,90.83,90.08
ZNF114,1444,1444,TF,85.91,86.86,79.17,90.98,82.83,71.14,91.36,91.57
PRDM10,68962,50000,TF,85.9,84.87,87.96,83.75,86.39,71.81,91.62,88.42
ZSCAN29,21597,21597,TF,85.87,86.14,78.54,91.07,82.16,70.73,90.3,85.84
IRF1,32357,32357,TF,85.84,86.81,75.35,92.63,80.68,70.05,89.75,87.82
ZSCAN9,17526,17526,TF,85.83,84.9,84.84,86.74,84.87,71.58,91.14,89.95
ZFP3,4550,4550,TF,85.82,85.08,84.44,86.65,84.76,71.12,93.06,93.73
TAF7,21002,21002,TF,85.79,91.48,73.92,94.8,81.76,71.45,93.28,92.37
MNT,83589,50000,TF,85.79,89.11,81.41,90.11,85.08,71.81,92.76,93.16
ZFP37,16553,16553,TF,85.78,87.77,80.11,90.64,83.76,71.48,89.27,86.32
MZF1,17643,17643,TF,85.78,85.83,84.49,86.97,85.16,71.51,91.67,89.93
TOE1,29556,29556,TF; RBP,85.74,88.33,77.31,92.11,82.45,70.87,89.5,89.69
PHF21A,8878,8878,TF,85.74,85.92,84.46,87.26,85.18,71.78,88.24,82.19
BACH1,41151,41151,TF,85.62,85.72,81.67,88.85,83.64,70.88,90.78,88.15
ZNF7,8038,8038,TF,85.61,86.34,83.54,87.14,84.92,70.74,92.67,92.68
ZNF211,1919,1919,TF,85.59,87.55,81.85,88.59,84.6,70.63,91.95,92.44
ZSCAN23,8505,8505,TF,85.58,86.15,82.54,88.26,84.31,71.03,92.3,91.5
FOXM1,20757,20757,TF,85.57,88.69,79.27,90.99,83.72,71.03,90.82,89.44
SUPT5H,22469,22469,TF,85.56,87.23,77.35,91.57,81.99,70.28,93.26,92.1
BCL3,43282,43282,TF,85.55,87.01,80.81,89.59,83.8,70.91,93.27,92.67
TFDP1,30292,30292,TF,85.52,86.74,75.61,92.21,80.8,69.69,89.14,84.38
TAF9B,13069,13069,TF,85.46,87.11,80.34,89.84,83.58,70.77,87.02,79.88
ZNF792,24699,24699,TF,85.46,85.03,82.63,88.06,83.82,70.9,92.95,91.81
SIN3A,65597,50000,TF,85.43,86.1,84.08,86.75,85.07,70.86,93.29,93.11
JUND,166033,50000,TF,85.43,86.16,84.51,86.31,85.33,70.83,93.1,93.42
H3K9me1,196657,50000,Histone,85.43,85.78,89.19,85.16,87.45,74.42,93.75,91.95
BCL11A,33663,33663,TF,85.41,86.88,81.98,88.14,84.36,70.31,92.15,91.13
POLR2G,59528,50000,TF; RBP,85.39,89.06,80.99,89.84,84.83,71.06,92.98,93.64
H3K23me2,77099,50000,Histone,85.39,85.62,85.29,85.56,85.45,70.84,93.76,93.34
NR2C2,29811,29811,TF,85.39,85.08,75.91,91.54,80.24,69.08,89.73,86.9
ZNF571,1488,1488,TF,85.34,87.56,81.7,88.84,84.53,70.78,92.7,93.55
ZNF311,2206,2206,TF,85.34,87.13,81.23,89.08,84.08,70.67,92.44,93.57
EP400,25324,25324,TF,85.29,87.54,77.49,91.56,82.21,70.37,89.96,88.24
ZFP1,12129,12129,TF,85.26,82.71,85.28,85.24,83.98,70.36,91.92,90.8
REST,119743,50000,TF,85.25,87.17,82.87,87.66,84.97,70.59,90.84,91.49
RCOR2,19532,19532,TF,85.25,82.36,86.5,84.24,84.38,70.55,90.5,88.89
SP1,120925,50000,TF,85.24,85.55,84.18,86.19,84.86,70.4,91.19,91.14
MCM3,2561,2561,TF,85.24,86.91,81.89,88.19,84.32,70.28,93,93.26
ZNF169,2873,2873,TF,85.23,85.45,83.3,86.43,84.36,69.79,91.23,90.6
PHF5A,9570,9570,TF,85.23,86.11,78.99,89.21,82.4,68.83,90.52,88.55
TSHZ1,11804,11804,TF,85.17,86.72,82.29,87.97,84.45,70.43,92.39,91.76
MTA2,59001,50000,TF,85.15,86.14,83.72,86.57,84.91,70.32,90.5,89.57
GFI1B,10694,10694,TF,85.11,84.87,84.27,85.84,84.57,70.13,91.26,90.52
ZNF558,13849,13849,TF,85.1,85.54,82.82,87.19,84.16,70.14,91.1,91.2
ZNF19,1998,1998,TF,85.06,90.98,78.32,92,84.17,70.88,91.34,93.34
SMAD5,22402,22402,TF,85.03,87.74,72.04,93.4,79.12,68.32,92.23,90.37
SNRNP70,871,871,TF; RBP,85.02,88.14,78.2,90.91,82.87,70.03,89.28,89.69
