TFBS	peak_count	Numberof PostivePeaksForFinetuning	Type	Accuracy	Precision	Recall	Specificity	F1-score	MCC	ROC-AUC	PR-AUC	BestMatch_JASPAR_ID	TargetTFBS_JASPAR	BestMatch_q_value	IdenticalMatch_JASPAR_ID	IdenticalMatch_q_value	JASPAR_Match_Type	identical_match_count	has_any_match
CTCFL	12743	12743	TF	98.39	98.13	98.68	98.03	98.4	96.72	99.71	99.7	MA1930.2	CTCF	2.06476e-14	MA1102.3	0.00748821	Identical Match	5	True
ZNF426	7915	7915	TF	97.09	98.05	95.27	98.23	96.64	93.62	98.08	98.65	MA1596.1	ZNF460	1.54718e-05			Paralogue Match	0	True
SAFB	5361	5361	TF; RBP	97.02	97.11	96.51	97.46	96.81	94.01	98.38	98.57	MA1890.1	Klf15	9.03914e-12			Paralogue Match	0	True
RBM34	928	928	TF; RBP	97.0	99.97	93.28	99.97	96.53	94.07	98.18	98.44	MA1893.1	Klf6-7-like	6.99194e-09			Paralogue Match	0	True
TAF15	17900	17900	TF; RBP	96.74	96.53	96.28	97.08	96.41	93.39	99.02	98.58	MA1890.1	Klf15	7.39341e-13			Paralogue Match	0	True
PCBP1	16229	16229	TF; RBP	96.7	95.66	96.22	97.02	95.94	93.16	99.19	98.66	MA1893.1	Klf6-7-like	1.04628e-10			Paralogue Match	0	True
SRSF3	1610	1610	TF; RBP	96.6	95.55	97.52	96.18	96.52	93.56	98.2	95.53	MA1890.1	Klf15	3.98125e-12			Paralogue Match	0	True
RBM14	2463	2463	TF; RBP	96.57	96.0	95.45	96.98	95.73	92.5	98.8	98.4	MA1239.2	ERF104	3.90296e-09			Paralogue Match	0	True
KDM4A	25968	25968	TF	96.07	96.79	95.2	97.63	95.99	93.03	99.08	98.72						Novel	0	False
NFYA	4313	4313	TF	95.91	96.03	94.38	97.06	95.19	91.64	96.88	93.73	MA1893.1	Klf6-7-like	2.87555e-08	MA0060.4	1.29406e-05	Identical Match	4	True
SPI1	104150	50000	TF	95.79	94.83	96.74	94.79	95.78	91.54	98.75	98.38						Novel	0	False
HLF	66792	50000	TF	95.71	94.68	97.0	94.54	95.83	91.57	98.88	98.74	MA1876.1	Gsx	3.34483e-07	MA0043.4	0.00415934	Identical Match	16	True
EGR2	57610	50000	TF	95.68	98.75	99.69	98.75	99.22	98.44	99.75	99.6						Novel	0	False
HNRNPLL	25270	25270	TF; RBP	95.43	93.42	94.05	96.24	93.73	90.16	98.77	97.88						Novel	0	False
HNRNPK	24014	24014	TF; RBP	95.41	95.16	93.38	96.78	94.27	90.45	97.05	96.06	MA1890.1	Klf15	4.22084e-14			Paralogue Match	0	True
FIP1L1	10123	10123	TF; RBP	95.35	95.92	92.47	97.21	94.16	90.19	98.25	98.13	MA1890.1	Klf15	2.87976e-10			Paralogue Match	0	True
ZNF654	33357	33357	TF	95.31	95.86	94.71	95.95	95.28	90.67	97.93	98.17	MA1930.2	CTCF	1.01814e-14			Paralogue Match	0	True
ZNF146	38167	38167	TF	95.23	95.74	93.61	96.58	94.66	90.38	97.57	97.69						Novel	0	False
E2F6	30723	30723	TF	95.14	93.41	94.01	95.92	93.71	89.82	98.25	96.91						Novel	0	False
C11orf30	58686	50000	TF	95.13	94.2	95.78	94.11	94.98	89.91	98.63	98.61	MA1893.1	Klf6-7-like	3.85393e-08			Paralogue Match	0	True
FUS	7495	7495	TF; RBP	95.03	97.88	89.98	98.62	93.76	89.87	94.87	93.76	MA1890.1	Klf15	1.87578e-11			Paralogue Match	0	True
USF1	60863	50000	TF	94.95	94.54	95.31	94.46	94.93	89.78	98.05	97.78						Novel	0	False
ZNF770	57572	50000	TF	94.91	93.38	96.7	93.1	95.01	89.87	98.04	97.28						Novel	0	False
AGO1	16201	16201	TF; RBP	94.81	94.46	91.56	96.77	92.98	88.9	97.19	96.16	MA1890.1	Klf15	9.93873e-11			Paralogue Match	0	True
MAFG	44030	44030	TF	94.74	93.31	96.13	93.41	94.7	89.52	97.91	97.78	MA1876.1	Gsx	1.57643e-06			Paralogue Match	0	True
ZFHX2	61052	50000	TF	94.73	99.1	99.32	99.09	99.21	98.41	99.82	99.74						Novel	0	False
THAP1	5210	5210	TF	94.7	95.51	93.48	95.85	94.48	89.39	98.22	97.82						Novel	0	False
HES2	6520	6520	TF	94.55	79.76	89.48	95.53	84.34	81.24	97.15	84.39						Novel	0	False
SRSF1	9933	9933	TF; RBP	94.49	93.71	93.46	95.26	93.59	88.75	98.34	97.9	MA1890.1	Klf15	2.21445e-11			Paralogue Match	0	True
NFE2	53717	50000	TF	94.22	99.17	99.21	99.18	99.19	98.39	99.76	99.72	MA0140.3	GATA1::TAL1	2.2061e-08	MA0841.2	0.00300145	Identical Match	6	True
MITF	36171	36171	TF	94.14	92.66	94.51	93.81	93.57	88.18	98.35	98.12						Novel	0	False
MAFF	65684	50000	TF	93.91	93.08	94.77	93.07	93.91	87.84	97.86	97.17						Novel	0	False
PCBP2	5328	5328	TF; RBP	93.89	95.88	90.73	96.73	93.23	87.96	96.53	96.61	MA1890.1	Klf15	9.82517e-10			Paralogue Match	0	True
ZIC2	56766	50000	TF	93.77	92.6	95.24	92.25	93.9	87.55	97.82	96.94						Novel	0	False
GLIS2	33566	33566	TF	93.74	93.75	92.54	94.85	93.14	87.49	98.22	97.8	MA1893.1	Klf6-7-like	1.64448e-11	MA0736.1	0.00221192	Identical Match	20	True
ZNF121	35805	35805	TF	93.64	98.9	98.83	98.97	98.86	97.8	99.34	99.26	MA1893.1	Klf6-7-like	3.49311e-11			Paralogue Match	0	True
SP2	27956	27956	TF	93.6	94.08	92.19	94.85	93.13	87.16	96.81	95.36	MA1893.1	Klf6-7-like	2.15862e-15	MA0516.3	0.00247723	Identical Match	16	True
SCRT2	59462	50000	TF	93.59	98.83	99.11	98.82	98.97	97.93	99.56	99.17						Novel	0	False
BATF	36658	36658	TF	93.58	91.97	95.76	91.56	93.82	87.41	98.16	97.93						Novel	0	False
HNRNPL	24447	24447	TF; RBP	93.57	92.96	91.63	94.97	92.29	86.79	97.59	96.88	MA1893.1	Klf6-7-like	4.53641e-10			Paralogue Match	0	True
NFE2L2	26392	26392	TF	93.53	91.51	91.02	95.0	91.27	86.12	97.24	96.09	MA1893.1	Klf6-7-like	2.51989e-13			Paralogue Match	0	True
ZNF585B	7381	7381	TF	93.43	93.06	93.74	93.23	93.4	86.96	97.78	98.0	MA1930.2	CTCF	5.11371e-08			Paralogue Match	0	True
NFYB	14696	14696	TF	93.31	92.49	90.91	94.98	91.7	86.13	96.3	95.22	MA1890.1	Klf15	2.68424e-10	MA0502.3	0.00446125	Identical Match	7	True
ZSCAN4	23997	23997	TF	93.25	94.54	90.97	95.29	92.72	86.48	97.64	97.75	MA1893.1	Klf6-7-like	1.20785e-10	MA1155.1	0.0095187	Identical Match	7	True
ZNF316	97518	50000	TF	93.22	91.56	95.38	91.01	93.43	86.51	97.42	97.55						Novel	0	False
ZNF140	7623	7623	TF	93.19	94.84	90.83	95.39	92.79	86.41	96.45	96.93	MA1876.1	Gsx	5.82264e-06	MA1589.2	7.1641e-06	Identical Match	14	True
ZNF777	7181	7181	TF	93.12	95.31	90.01	96.01	92.58	86.37	97.24	97.07	MA1890.1	Klf15	6.60208e-10			Paralogue Match	0	True
CBFA2T2	32239	32239	TF	93.06	91.99	94.21	91.92	93.09	86.14	97.31	97.25	MA1930.2	CTCF	6.68891e-11			Paralogue Match	0	True
TFAP4	27035	27035	TF	93.0	91.68	94.03	92.05	92.84	86.03	96.79	94.97	MA1893.1	Klf6-7-like	1.93008e-09	MA0691.1	0.00895711	Identical Match	7	True
ATF4	39441	39441	TF	93.0	92.57	93.11	92.85	92.84	85.96	97.72	97.64	MA1929.2	CTCF	4.59832e-07	MA0833.3	0.000187391	Identical Match	12	True
CTBP2	7351	7351	TF	92.98	92.23	92.48	93.62	92.36	86.08	96.78	94.11	MA1890.1	Klf15	1.0634e-12			Paralogue Match	0	True
MXD3	14677	14677	TF	92.88	91.73	92.44	93.14	92.08	85.52	98.24	97.87	MA1893.1	Klf6-7-like	6.24928e-11			Paralogue Match	0	True
E2F1	18927	18927	TF	92.88	89.51	83.5	96.37	86.4	81.68	95.25	91.61	MA1893.1	Klf6-7-like	1.50885e-10	MA0024.3	0.0507426	Identical Match	5	True
ZNF202	6476	6476	TF	92.87	92.35	93.39	92.35	92.87	85.74	96.29	96.5	MA1890.1	Klf15	1.26825e-08			Paralogue Match	0	True
ZNF266	5097	5097	TF	92.84	92.81	92.31	93.46	92.56	85.79	96.93	96.93	MA1890.1	Klf15	6.9064e-13			Paralogue Match	0	True
ZNF263	35011	35011	TF	92.83	91.81	91.07	94.11	91.44	85.28	97.39	96.16	MA1930.2	CTCF	3.49586e-11	MA0528.3	0.00356693	Identical Match	6	True
ZNF433	3530	3530	TF	92.77	95.18	89.94	95.54	92.49	85.66	96.97	97.7	MA1930.2	CTCF	0.0499726			Paralogue Match	0	True
RBM39	29478	29478	TF; RBP	92.73	91.83	91.4	93.74	91.61	85.19	97.44	96.77	MA1893.1	Klf6-7-like	1.08496e-10			Paralogue Match	0	True
ZNF680	10483	10483	TF	92.69	92.36	92.12	92.92	92.24	85.05	97.36	97.68	MA1890.1	Klf15	8.57653e-10	MA1729.2	0.0065561	Identical Match	4	True
ZNF341	33413	33413	TF	92.66	91.47	93.01	92.39	92.24	85.33	97.24	96.26	MA1893.1	Klf6-7-like	3.87082e-15	MA1655.2	0.00399664	Identical Match	4	True
E2F4	11270	11270	TF	92.64	96.23	85.89	97.54	90.76	85.03	97.32	97.07	MA1893.1	Klf6-7-like	1.03724e-11	MA0470.3	0.0567435	Identical Match	5	True
CBFA2T3	51994	50000	TF	92.59	91.63	93.73	91.47	92.67	85.22	96.97	96.03						Novel	0	False
ZNF555	6664	6664	TF	92.57	98.44	86.75	98.58	92.23	85.79	94.78	96.56	MA1596.1	ZNF460	6.70897e-09			Paralogue Match	0	True
RBM25	47193	47193	TF; RBP	92.56	91.71	93.26	91.87	92.48	85.12	96.96	97.05	MA1893.1	Klf6-7-like	1.53197e-11			Paralogue Match	0	True
MAFK	121216	50000	TF	92.55	91.53	93.8	91.27	92.65	85.11	97.36	97.6						Novel	0	False
ZNF623	14353	14353	TF	92.53	93.83	90.6	94.28	92.19	84.99	96.77	97.51	MA1893.1	Klf6-7-like	1.08434e-09			Paralogue Match	0	True
KAT2A	171	171	TF	92.45	95.45	87.5	96.55	91.3	84.91	92.39	92.84						Novel	0	False
SIN3B	11700	11700	TF	92.45	95.47	85.65	97.13	90.29	84.38	97.21	96.89	MA1893.1	Klf6-7-like	5.77595e-11			Paralogue Match	0	True
CEBPA	57842	50000	TF	92.39	98.46	99.33	98.44	98.89	97.78	99.7	99.6						Novel	0	False
U2AF2	2777	2777	TF; RBP	92.37	92.05	91.39	93.21	91.72	84.64	96.2	94.8	MA1930.2	CTCF	5.96199e-08			Paralogue Match	0	True
ZBTB10	15441	15441	TF	92.27	92.94	89.74	94.36	91.31	84.39	96.02	94.41	MA1893.1	Klf6-7-like	2.48967e-14			Paralogue Match	0	True
PBX3	12981	12981	TF	92.25	93.02	91.45	93.06	92.23	84.52	96.51	95.35	MA1893.1	Klf6-7-like	2.7388e-12	MA1114.2	0.00447654	Identical Match	8	True
SAP30	15727	15727	TF	92.08	91.36	88.94	94.46	90.13	83.8	96.21	92.3	MA1890.1	Klf15	3.24157e-09			Paralogue Match	0	True
PHF8	30275	30275	TF	92.03	94.66	83.37	97.19	88.66	82.94	96.25	95.67						Novel	0	False
PAX5	36090	36090	TF	92.02	89.6	91.96	92.06	90.77	83.76	96.81	94.42						Novel	0	False
ZNF785	6605	6605	TF	92.01	93.06	89.7	94.05	91.35	83.97	97.35	97.16	MA1893.1	Klf6-7-like	1.62002e-11			Paralogue Match	0	True
ZNF76	11676	11676	TF	92.0	91.96	89.96	93.65	90.95	83.8	93.83	89.14	MA1930.2	CTCF	6.79702e-10	MA1716.2	0.0204635	Identical Match	8	True
HNF4G	35204	35204	TF	91.93	89.61	92.16	91.73	90.87	83.65	96.43	95.82						Novel	0	False
AHR	10611	10611	TF	91.82	91.59	91.19	92.39	91.39	83.6	97.21	96.43	MA1930.2	CTCF	9.70378e-11			Paralogue Match	0	True
ZC3H11A	9905	9905	TF; RBP	91.8	94.68	88.2	95.25	91.33	83.76	96.31	97.12	MA1929.2	CTCF	2.79252e-09			Paralogue Match	0	True
RFX1	38873	38873	TF	91.79	91.53	89.29	93.66	90.4	83.21	96.44	96.43	MA1930.2	CTCF	1.74616e-12	MA0509.3	0.000205573	Identical Match	9	True
SMAD4	43342	43342	TF	91.75	90.15	93.3	90.29	91.7	83.57	96.19	94.92						Novel	0	False
UBTF	19173	19173	TF	91.73	91.83	86.45	95.12	89.06	82.55	94.72	91.45	MA1893.1	Klf6-7-like	9.73336e-10			Paralogue Match	0	True
ZNF704	1834	1834	TF	91.71	92.97	88.81	93.98	90.84	83.05	94.66	94.52	MA1893.1	Klf6-7-like	1.62423e-11			Paralogue Match	0	True
TAL1	36574	36574	TF	91.69	90.24	90.07	92.89	90.15	82.98	96.07	95.03						Novel	0	False
ZBTB7A	37497	37497	TF	91.69	90.69	89.75	93.14	90.22	83.01	97.14	95.99	MA1890.1	Klf15	2.01472e-15			Paralogue Match	0	True
CEBPB	148540	50000	TF	91.69	98.12	98.83	98.08	98.47	96.92	99.54	99.42						Novel	0	False
NFIL3	38852	38852	TF	91.67	90.17	92.91	90.46	91.52	83.33	96.42	96.0	MA1893.1	Klf6-7-like	4.51141e-11	MA0025.3	0.202413	Identical Match	1	True
XRCC5	32847	32847	TF; RBP	91.61	90.32	89.77	92.96	90.04	82.79	95.9	93.22	MA1930.2	CTCF	1.14262e-11			Paralogue Match	0	True
U2AF1	8379	8379	TF; RBP	91.6	93.1	86.95	95.12	89.92	82.87	96.08	96.0	MA1893.1	Klf6-7-like	9.53704e-13			Paralogue Match	0	True
ZNF34	9650	9650	TF	91.58	94.9	88.04	95.26	91.34	83.51	95.28	96.71	MA1596.1	ZNF460	9.78713e-08			Paralogue Match	0	True
FOXP2	24150	24150	TF	91.57	90.09	91.48	91.65	90.78	83.03	96.14	93.84						Novel	0	False
AGO2	33079	33079	TF; RBP	91.55	94.29	84.74	96.37	89.26	82.65	95.16	94.66						Novel	0	False
RUNX3	69903	50000	TF	91.53	98.39	98.9	98.39	98.64	97.29	99.5	99.27	MA1893.1	Klf6-7-like	2.74597e-11	MA0684.3	0.0869763	Identical Match	6	True
ZBED5	5100	5100	TF	91.49	91.37	91.49	91.5	91.43	82.99	97.14	96.94						Novel	0	False
RARA	42489	42489	TF	91.46	89.31	93.98	88.99	91.59	83.04	95.97	94.89						Novel	0	False
FOS	169317	50000	TF	91.45	98.66	98.72	98.65	98.69	97.37	99.62	99.63						Novel	0	False
SP3	23619	23619	TF	91.44	92.16	88.37	93.95	90.22	82.71	95.27	94.77						Novel	0	False
NANOG	15681	15681	TF	91.43	89.59	91.31	91.53	90.45	82.7	95.72	94.36	MA1930.2	CTCF	2.33952e-14			Paralogue Match	0	True
USF2	37240	37240	TF	91.39	91.53	87.87	93.97	89.66	82.32	96.88	96.27	MA1893.1	Klf6-7-like	7.92076e-12	MA0526.5	0.0039921	Identical Match	4	True
SP5	23155	23155	TF	91.37	90.58	91.66	91.11	91.12	82.74	95.54	94.28						Novel	0	False
HNF4A	89892	50000	TF	91.37	88.79	94.67	88.09	91.63	82.93	96.12	95.11	MA1893.1	Klf6-7-like	4.1096e-12	MA1494.2	0.0201437	Identical Match	8	True
ZNF354C	1640	1640	TF	91.37	97.64	84.49	98.02	90.59	83.43	95.08	96.39	MA2107.1	cg	0.000154803			Paralogue Match	0	True
ZNF444	25366	25366	TF	91.35	91.14	90.47	92.12	90.8	82.63	95.64	94.38						Novel	0	False
GMEB2	4800	4800	TF	91.33	95.33	85.61	96.28	90.21	82.75	95.76	95.89	MA1930.2	CTCF	3.42791e-09	MA0862.1	0.0210113	Identical Match	2	True
ZNF677	5777	5777	TF	91.33	91.45	91.25	91.06	91.35	82.3	94.68	94.52	MA1893.1	Klf6-7-like	1.02703e-11	MA2101.1	4.68708e-07	Identical Match	6	True
IRF4	21810	21810	TF	91.18	89.45	92.89	89.48	91.14	82.36	96.12	95.26	MA1930.2	CTCF	1.24904e-12			Paralogue Match	0	True
ETV5	29604	29604	TF	91.18	88.66	93.25	89.33	90.89	82.45	96.55	95.11						Novel	0	False
PRPF4	8605	8605	TF; RBP	91.14	93.15	86.65	94.84	89.78	82.19	96.21	95.93	MA1890.1	Klf15	8.49851e-12			Paralogue Match	0	True
FOXA3	45297	45297	TF	91.12	89.55	93.46	89.43	91.46	82.91	96.8	96.6	MA1893.1	Klf6-7-like	1.87488e-10	MA1683.2	0.000907829	Identical Match	3	True
ZNF292	1900	1900	TF	91.11	94.8	86.73	95.0	90.59	81.87	94.63	96.11	MA1596.1	ZNF460	2.72188e-06			Paralogue Match	0	True
GLIS1	58506	50000	TF	91.07	89.4	90.8	89.45	90.1	80.25	96.04	95.32						Novel	0	False
FOXA2	99343	50000	TF	91.05	89.41	93.24	88.83	91.28	82.16	96.39	96.06						Novel	0	False
KLF9	32290	32290	TF	90.99	91.56	84.62	95.11	87.95	81.03	95.59	94.68	MA1890.1	Klf15	4.89311e-18	MA1107.3	0.000103473	Identical Match	18	True
SOX5	37979	37979	TF	90.98	87.97	93.92	88.29	90.85	82.14	95.23	93.77	MA1930.2	CTCF	2.38072e-10			Paralogue Match	0	True
BCL6	38142	38142	TF	90.97	89.04	92.85	89.24	90.9	82.05	96.3	95.48						Novel	0	False
IRF3	5726	5726	TF	90.97	93.79	82.27	96.5	87.65	80.96	96.01	95.01	MA1930.2	CTCF	1.21072e-11			Paralogue Match	0	True
ZNF223	5176	5176	TF	90.97	90.49	90.72	91.07	90.6	81.79	95.52	95.63	MA1890.1	Klf15	4.59102e-13			Paralogue Match	0	True
HCFC1	19700	19700	TF	90.96	89.7	81.35	95.55	85.32	79.01	94.4	91.32	MA1890.1	Klf15	1.31052e-13			Paralogue Match	0	True
HNRNPH1	2446	2446	TF; RBP	90.85	91.27	88.28	92.99	89.75	81.53	96.02	95.65	MA1893.1	Klf6-7-like	8.7056e-13			Paralogue Match	0	True
DEAF1	3170	3170	TF; RBP	90.85	93.85	86.79	94.66	90.18	81.85	94.68	95.53						Novel	0	False
CEBPZ	1971	1971	TF; RBP	90.82	89.84	83.94	94.56	86.79	79.73	89.86	85.64	MA1890.1	Klf15	9.57159e-11			Paralogue Match	0	True
PTBP1	8063	8063	TF; RBP	90.8	89.3	90.48	91.12	89.88	81.51	94.48	89.35	MA1893.1	Klf6-7-like	1.20084e-09			Paralogue Match	0	True
STAT3	65231	50000	TF	90.79	91.01	90.61	91.03	90.81	81.64	96.82	96.85						Novel	0	False
KAT2B	3106	3106	TF	90.77	88.87	92.16	89.05	90.48	81.18	96.6	96.8	MA1893.1	Klf6-7-like	1.18412e-07			Paralogue Match	0	True
SOX13	48796	48796	TF	90.76	89.3	92.4	89.28	90.83	81.69	96.32	95.69						Novel	0	False
ZNF423	11299	11299	TF	90.75	91.53	89.15	92.3	90.32	81.55	94.63	93.05	MA1893.1	Klf6-7-like	2.04692e-09			Paralogue Match	0	True
STAT2	4303	4303	TF	90.73	87.93	91.05	90.49	89.46	81.24	95.84	93.72	MA1929.2	CTCF	7.73326e-11			Paralogue Match	0	True
MEIS2	52199	50000	TF	90.71	90.14	91.44	89.9	90.78	81.35	96.27	96.07						Novel	0	False
ATF2	110897	50000	TF	90.69	91.16	89.99	91.36	90.57	81.37	94.77	94.25						Novel	0	False
NFIA	27816	27816	TF	90.67	88.33	92.95	88.55	90.58	81.46	95.6	95.07						Novel	0	False
PATZ1	35416	35416	TF	90.67	91.72	87.44	93.38	89.53	81.2	96.62	95.93	MA1893.1	Klf6-7-like	2.89214e-14	MA1961.2	0.000148583	Identical Match	18	True
ZNF398	26224	26224	TF	90.66	90.84	89.07	92.07	89.94	81.24	94.96	92.96	MA1890.1	Klf15	4.70188e-13			Paralogue Match	0	True
KLF1	40024	40024	TF	90.65	90.79	87.9	92.87	89.32	81.06	94.52	92.79						Novel	0	False
SCRT1	25487	25487	TF	90.65	90.88	89.96	91.32	90.42	81.3	94.93	94.54	MA1930.2	CTCF	2.30579e-10	MA0743.3	8.28192e-05	Identical Match	16	True
NFIB	27982	27982	TF	90.65	90.32	85.66	93.94	87.93	80.39	96.05	95.1	MA1893.1	Klf6-7-like	2.35948e-11	MA1643.2	4.49625e-05	Identical Match	17	True
PLRG1	2256	2256	TF	90.64	90.88	89.25	91.4	90.06	80.7	96.68	96.85	MA1404.1	BPC1	3.18842e-06			Paralogue Match	0	True
PRDM1	50489	50000	TF	90.62	95.62	94.72	95.62	95.17	90.34	98.83	98.73	MA1278.2	DOF3.4	3.39771e-10	MA0508.4	0.00741961	Identical Match	9	True
ZNF133	8423	8423	TF	90.61	90.11	90.33	91.02	90.22	81.33	95.36	94.71	MA1893.1	Klf6-7-like	5.66779e-12			Paralogue Match	0	True
SREBF2	4933	4933	TF	90.59	91.88	86.51	93.87	89.11	80.96	96.2	95.55	MA1893.1	Klf6-7-like	1.49016e-09			Paralogue Match	0	True
EBF1	56947	50000	TF	90.59	90.18	91.1	90.06	90.64	81.16	95.31	94.3	MA1893.1	Klf6-7-like	1.05803e-10	MA0154.5	0.00857199	Identical Match	6	True
THAP11	31698	31698	TF	90.57	89.5	90.08	90.97	89.79	81.02	94.85	93.4						Novel	0	False
ZNF48	28840	28840	TF	90.56	89.83	89.33	91.6	89.58	80.97	94.31	91.0	MA1930.2	CTCF	1.10142e-10			Paralogue Match	0	True
POU5F1	7870	7870	TF	90.56	91.39	88.08	92.73	89.71	81.04	96.35	95.35	MA1893.1	Klf6-7-like	8.06845e-12	MA1115.2	0.0090841	Identical Match	5	True
RB1	31314	31314	TF	90.5	90.59	85.47	93.94	87.95	80.22	94.0	91.78	MA1930.2	CTCF	2.98876e-15			Paralogue Match	0	True
ZBTB6	13955	13955	TF	90.44	90.39	89.74	90.88	90.06	80.64	95.43	95.01	MA1893.1	Klf6-7-like	2.04914e-09	MA1581.2	0.00994706	Identical Match	9	True
HNF1A	12818	12818	TF	90.44	88.64	91.68	89.25	90.13	80.86	93.47	91.12	MA1890.1	Klf15	4.95958e-10	MA0046.3	2.59428e-05	Identical Match	5	True
KDM5B	18356	18356	TF	90.43	92.08	85.65	94.2	88.75	80.6	96.53	95.91	MA1890.1	Klf15	4.42994e-11			Paralogue Match	0	True
ZNF521	1585	1585	TF	90.37	94.12	86.31	94.74	90.04	81.4	96.17	96.82	MA1890.1	Klf15	2.31406e-10			Paralogue Match	0	True
GLI4	6130	6130	TF	90.37	93.13	87.14	93.59	90.04	80.9	96.45	96.57	MA1890.1	Klf15	2.1764e-13			Paralogue Match	0	True
RERE	11849	11849	TF	90.37	85.71	93.16	86.75	89.28	79.65	95.15	93.11	MA1893.1	Klf6-7-like	2.20269e-10			Paralogue Match	0	True
ZBTB26	32837	32837	TF	90.33	90.67	84.33	94.27	87.38	79.67	93.76	90.92						Novel	0	False
FOXP1	31380	31380	TF	90.33	88.5	90.4	90.27	89.44	80.53	95.14	93.99	MA1893.1	Klf6-7-like	1.02206e-08	MA0481.4	0.00341475	Identical Match	5	True
ZNF596	14087	14087	TF	90.31	91.32	88.49	91.87	89.88	80.45	95.56	95.65	MA1893.1	Klf6-7-like	3.10096e-09			Paralogue Match	0	True
ZBTB21	18547	18547	TF	90.29	90.6	88.47	91.9	89.52	80.5	96.14	95.86	MA1930.2	CTCF	4.0885e-08			Paralogue Match	0	True
HMGXB4	25984	25984	TF	90.27	90.11	88.91	91.44	89.5	80.43	93.94	91.67	MA1929.2	CTCF	3.08218e-12			Paralogue Match	0	True
TEAD1	33326	33326	TF	90.27	87.43	93.35	87.4	90.29	80.76	95.53	94.84	MA1930.2	CTCF	4.97378e-10	MA0090.4	0.00799224	Identical Match	4	True
ZNF660	29821	29821	TF	90.18	90.77	88.78	91.55	89.77	80.41	94.75	94.22	MA1930.2	CTCF	2.65826e-11			Paralogue Match	0	True
SFPQ	335	335	TF; RBP	90.18	94.34	86.21	94.44	90.09	80.72	91.7	90.66	MA1893.1	Klf6-7-like	0.000491368			Paralogue Match	0	True
ZNF658	1325	1325	TF	90.14	93.44	84.24	94.37	88.6	79.15	93.92	94.54	MA1890.1	Klf15	6.69872e-08			Paralogue Match	0	True
SKI	30460	30460	TF	90.12	88.82	89.73	90.5	89.27	80.17	95.47	93.65	MA1893.1	Klf6-7-like	7.59192e-11			Paralogue Match	0	True
SRF	27692	27692	TF	90.12	88.55	87.3	92.13	87.92	79.6	96.0	94.95	MA1930.2	CTCF	3.89872e-12	MA0083.3	4.11082e-05	Identical Match	4	True
CEBPG	87912	50000	TF	90.11	88.8	91.53	88.75	90.14	80.28	96.25	96.42	MA1890.1	Klf15	1.05952e-07	MA1636.2	0.00134007	Identical Match	22	True
ZHX1	5512	5512	TF	90.1	90.18	87.1	92.47	88.61	79.89	94.55	92.57	MA1893.1	Klf6-7-like	4.47053e-11			Paralogue Match	0	True
RUNX1	7554	7554	TF	90.07	90.41	88.21	91.72	89.3	80.07	94.29	91.85	MA1930.2	CTCF	2.01736e-09			Paralogue Match	0	True
RXRB	38236	38236	TF	90.07	87.08	92.76	87.65	89.83	80.29	94.62	92.92	MA1893.1	Klf6-7-like	2.40892e-11	MA0855.1	0.0323843	Identical Match	4	True
ZBTB48	24899	24899	TF	90.05	87.61	91.04	89.13	89.29	79.98	96.26	95.22	MA1893.1	Klf6-7-like	1.27851e-10			Paralogue Match	0	True
ZNF747	1427	1427	TF	90.02	88.64	89.04	88.74	88.84	77.78	95.87	95.94	MA1890.1	Klf15	2.01791e-06			Paralogue Match	0	True
VEZF1	35726	35726	TF	90.01	91.08	85.38	93.53	88.14	79.59	94.32	93.48	MA1893.1	Klf6-7-like	1.49899e-14	MA1578.2	0.0753062	Identical Match	2	True
GATA1	33326	33326	TF	89.96	88.23	86.41	92.32	87.31	79.01	93.39	91.08	MA1893.1	Klf6-7-like	7.00992e-11	MA0035.5	0.0692817	Identical Match	4	True
ZNF670	1288	1288	TF	89.95	92.07	84.83	94.09	88.3	79.72	95.12	95.63	MA1890.1	Klf15	2.93438e-08			Paralogue Match	0	True
ARID4B	42648	42648	TF	89.94	88.59	89.39	90.39	88.99	79.72	94.05	92.27	MA1930.2	CTCF	2.27275e-10			Paralogue Match	0	True
ZNF449	18374	18374	TF	89.94	90.2	88.46	91.28	89.32	79.82	94.61	94.5	MA1893.1	Klf6-7-like	3.64465e-12	MA1656.2	3.22619e-05	Identical Match	12	True
KLF17	25375	25375	TF	89.93	89.44	88.68	91.0	89.05	79.73	96.18	95.48	MA1890.1	Klf15	1.62131e-13	MA1514.2	0.0589358	Identical Match	10	True
ZBTB20	31889	31889	TF	89.91	89.07	87.41	91.84	88.23	79.44	95.2	92.94						Novel	0	False
ELF3	35966	35966	TF	89.85	88.14	90.76	89.02	89.43	79.69	95.06	93.86	MA1930.2	CTCF	7.53605e-15	MA0640.3	0.000849806	Identical Match	2	True
ZNF16	2784	2784	TF	89.85	91.45	86.95	92.52	89.14	79.71	95.41	95.27	MA1893.1	Klf6-7-like	4.21172e-10	MA1654.2	5.78224e-09	Identical Match	18	True
ZMIZ1	1077	1077	TF	89.85	90.36	89.82	89.87	90.09	79.68	95.22	95.28	MA1890.1	Klf15	2.32622e-08			Paralogue Match	0	True
ZSCAN5A	8202	8202	TF	89.84	90.51	87.93	91.47	89.2	79.51	93.59	90.92	MA1893.1	Klf6-7-like	6.15198e-09			Paralogue Match	0	True
ZNF143	66295	50000	TF	89.84	98.83	98.15	98.84	98.49	96.99	99.48	99.5	MA1930.2	CTCF	2.94653e-12			Paralogue Match	0	True
ZNF513	11211	11211	TF	89.78	92.64	85.35	93.81	88.85	79.67	94.49	95.41						Novel	0	False
PPARG	23903	23903	TF	89.77	88.87	90.08	89.49	89.47	79.54	94.59	93.53	MA1890.1	Klf15	5.57531e-10	MA0066.2	0.01554	Identical Match	11	True
ZBTB8A	32420	32420	TF	89.73	91.68	85.05	93.54	88.24	79.23	94.0	92.72	MA1893.1	Klf6-7-like	2.21529e-13			Paralogue Match	0	True
IRF5	2755	2755	TF	89.71	91.67	87.26	92.14	89.41	79.51	93.56	94.62	MA1890.1	Klf15	4.07257e-09			Paralogue Match	0	True
ZMYM3	43157	43157	TF	89.71	87.46	91.26	88.33	89.32	79.47	95.52	95.45	MA1930.2	CTCF	4.96365e-10			Paralogue Match	0	True
DEK	8490	8490	TF	89.7	87.71	89.95	89.5	88.82	79.3	95.38	93.29	MA1930.2	CTCF	1.05464e-14			Paralogue Match	0	True
GABPB1	47437	47437	TF	89.7	90.99	87.33	91.86	89.12	79.34	94.29	92.92	MA1893.1	Klf6-7-like	3.60475e-12			Paralogue Match	0	True
ZNF629	37813	37813	TF	89.69	88.98	88.84	90.42	88.91	79.28	94.14	92.43	MA1929.2	CTCF	2.9024e-11			Paralogue Match	0	True
ETV1	20672	20672	TF	89.68	89.41	89.36	89.9	89.39	79.26	95.3	95.09	MA1890.1	Klf15	3.04101e-10	MA0761.3	0.000169526	Identical Match	7	True
ZNF394	28297	28297	TF	89.67	90.67	86.68	92.29	88.63	79.28	94.54	94.01	MA1890.1	Klf15	1.96719e-12			Paralogue Match	0	True
TEAD4	34189	34189	TF	89.66	90.3	88.69	90.63	89.49	79.35	95.4	94.56	MA1930.2	CTCF	2.28037e-14	MA0809.3	0.0568974	Identical Match	1	True
PHF20	13930	13930	TF	89.63	91.79	85.6	93.2	88.59	79.27	94.4	91.57	MA1890.1	Klf15	2.7261e-13			Paralogue Match	0	True
RBBP5	30322	30322	TF	89.59	90.8	80.6	95.07	85.4	77.72	96.01	94.46	MA1890.1	Klf15	5.58303e-10			Paralogue Match	0	True
NFYC	15080	15080	TF	89.59	90.6	87.58	91.55	89.07	79.26	95.3	95.46	MA1930.2	CTCF	7.1712e-10	MA1644.2	0.00156985	Identical Match	3	True
ELK1	12298	12298	TF	89.58	90.67	79.39	95.37	84.66	77.21	91.33	89.55	MA1893.1	Klf6-7-like	3.92531e-10	MA0028.3	0.037596	Identical Match	1	True
H4K12ac	42837	42837	Histone	89.57	88.73	90.34	88.77	89.53	79.11	96.1	95.46	MA1890.1	Klf15	5.40982e-13			Paralogue Match	0	True
HMBOX1	24883	24883	TF	89.55	87.63	89.99	89.15	88.79	79.0	95.65	94.82	MA0140.3	GATA1::TAL1	3.15198e-09	MA0895.2	0.264732	Identical Match	4	True
KDM5A	13023	13023	TF	89.53	92.53	74.46	97.01	82.52	76.06	92.86	90.18	MA1890.1	Klf15	6.80891e-11			Paralogue Match	0	True
WHSC1	1801	1801	TF	89.51	85.27	93.61	85.95	89.25	79.38	94.42	89.89	MA1893.1	Klf6-7-like	2.12282e-08			Paralogue Match	0	True
ZNF692	30183	30183	TF	89.51	89.26	87.98	90.83	88.62	78.9	94.15	92.63	MA1890.1	Klf15	7.83345e-13	MA1986.2	0.00457204	Identical Match	4	True
MEF2B	34822	34822	TF	89.51	89.23	87.79	91.0	88.5	78.89	94.65	93.45	MA1893.1	Klf6-7-like	5.13955e-09	MA0660.1	1.55193e-05	Identical Match	1	True
TCF7L2	28567	28567	TF	89.46	87.21	86.42	91.48	86.81	78.01	94.06	91.99	MA1930.2	CTCF	1.20931e-09	MA0523.2	3.23772e-07	Identical Match	4	True
SAP130	58021	50000	TF	89.46	88.69	90.59	88.3	89.63	78.92	93.52	92.26	MA1893.1	Klf6-7-like	3.95198e-10			Paralogue Match	0	True
SETDB1	4903	4903	TF	89.45	90.32	85.2	92.72	87.69	78.48	96.29	95.41	MA1930.2	CTCF	1.26209e-09			Paralogue Match	0	True
ZKSCAN1	20226	20226	TF	89.45	89.53	85.77	92.26	87.61	78.46	94.37	92.44	MA1930.2	CTCF	1.28247e-11	MA1585.2	0.0003245	Identical Match	4	True
GATA4	12156	12156	TF	89.43	88.14	89.87	89.83	88.99	79.58	94.52	91.79	MA1893.1	Klf6-7-like	1.27698e-10	MA0482.3	0.000660839	Identical Match	2	True
EGR1	67451	50000	TF	89.43	91.2	87.4	91.47	89.26	78.93	93.84	93.58	MA1893.1	Klf6-7-like	1.64678e-14	MA0162.5	0.00036212	Identical Match	21	True
SUZ12	24316	24316	TF	89.36	91.95	75.45	96.57	82.88	76.05	94.21	91.33	MA1890.1	Klf15	9.26116e-09			Paralogue Match	0	True
HDAC6	5762	5762	TF	89.35	92.23	83.02	94.41	87.38	78.54	95.07	94.75	MA1893.1	Klf6-7-like	1.11366e-12			Paralogue Match	0	True
TEAD3	42854	42854	TF	89.35	88.08	90.35	88.51	89.2	78.82	95.32	93.94	MA1930.2	CTCF	6.62108e-14	MA0808.1	0.0224926	Identical Match	3	True
SRSF9	846	846	TF; RBP	89.34	93.52	81.45	95.27	87.07	78.1	96.1	95.7	MA1274.1	DOF3.6	2.83377e-07			Paralogue Match	0	True
MLX	14640	14640	TF	89.33	86.92	90.87	87.94	88.85	78.67	93.58	91.33	MA1930.2	CTCF	5.17505e-11	MA0663.1	0.00180856	Identical Match	1	True
ARID1B	45992	45992	TF	89.32	88.8	88.73	89.86	88.77	78.6	95.17	94.59	MA0140.3	GATA1::TAL1	7.47122e-10			Paralogue Match	0	True
ZSCAN30	24704	24704	TF	89.31	90.61	86.77	91.57	88.65	78.51	94.12	92.49	MA1930.2	CTCF	2.47005e-11			Paralogue Match	0	True
ZFP36	32993	32993	TF; RBP	89.3	86.75	86.13	91.41	86.44	77.64	94.32	92.7	MA1929.2	CTCF	8.99177e-10			Paralogue Match	0	True
ZFP64	9433	9433	TF	89.3	88.21	89.4	89.15	88.8	78.5	94.25	93.12	MA1893.1	Klf6-7-like	1.9288e-09			Paralogue Match	0	True
ZNF518A	16690	16690	TF	89.3	90.69	85.65	92.26	88.1	78.27	94.68	95.04	MA1893.1	Klf6-7-like	2.79924e-10			Paralogue Match	0	True
ZNF512	17500	17500	TF	89.29	90.52	84.71	92.93	87.52	78.28	95.55	95.6	MA1404.1	BPC1	1.34976e-10			Paralogue Match	0	True
MEF2C	11421	11421	TF	89.25	87.48	90.97	87.55	89.19	78.51	94.66	93.88	MA1893.1	Klf6-7-like	6.6281e-10	MA0497.2	8.53099e-08	Identical Match	4	True
ARID2	11585	11585	TF	89.24	88.96	88.59	89.89	88.78	78.49	93.47	91.82	MA1930.2	CTCF	6.98997e-14			Paralogue Match	0	True
IKZF5	25386	25386	TF	89.21	86.52	90.76	87.92	88.59	78.47	94.7	92.99	MA1930.2	CTCF	3.00141e-13			Paralogue Match	0	True
PRDM2	3824	3824	TF	89.19	88.89	88.27	90.03	88.58	78.33	93.29	91.23	MA1893.1	Klf6-7-like	7.29825e-15			Paralogue Match	0	True
KDM6A	12193	12193	TF	89.17	88.13	89.53	88.85	88.82	78.34	95.31	94.56	MA1893.1	Klf6-7-like	1.66885e-11			Paralogue Match	0	True
RXRA	85611	50000	TF	89.17	88.02	90.9	87.4	89.44	78.37	94.78	93.82	MA1890.1	Klf15	1.66052e-10			Paralogue Match	0	True
NRF1	41391	41391	TF	89.15	90.88	84.6	92.92	87.63	78.13	93.52	92.27	MA1893.1	Klf6-7-like	3.13401e-13			Paralogue Match	0	True
MEF2A	22725	22725	TF	89.15	89.76	88.39	90.04	89.07	78.45	95.08	95.07	MA1930.2	CTCF	6.60652e-11			Paralogue Match	0	True
SREBF1	13518	13518	TF	89.15	88.64	86.67	91.09	87.65	77.95	95.62	95.11	MA1893.1	Klf6-7-like	5.64406e-12	MA0829.3	0.00164331	Identical Match	19	True
BCOR	41985	41985	TF	89.08	87.59	89.93	88.37	88.74	78.24	95.34	94.44	MA1893.1	Klf6-7-like	6.10026e-10			Paralogue Match	0	True
FOSL1	43596	43596	TF	89.06	89.89	86.28	91.51	88.05	78.04	94.11	93.96	MA1893.1	Klf6-7-like	3.49566e-12	MA0477.3	9.43916e-06	Identical Match	5	True
ZFP69B	21782	21782	TF	89.05	90.4	86.47	91.45	88.39	78.11	94.54	93.79	MA1893.1	Klf6-7-like	5.47292e-12			Paralogue Match	0	True
ZNF837	2332	2332	TF	89.0	91.49	85.75	92.37	88.53	78.38	94.06	94.52	MA1890.1	Klf15	4.48868e-11			Paralogue Match	0	True
CREB1	89914	50000	TF	88.96	88.95	89.13	88.75	89.04	77.88	95.48	96.05	MA1890.1	Klf15	3.85725e-09	MA0018.5	0.0181503	Identical Match	5	True
KDM3A	15970	15970	TF	88.94	86.26	89.97	88.05	88.07	77.8	92.68	88.4	MA1893.1	Klf6-7-like	5.72046e-11			Paralogue Match	0	True
POU2F2	19963	19963	TF	88.92	87.74	89.83	88.02	88.77	77.83	93.25	89.71	MA1893.1	Klf6-7-like	3.47742e-09	MA0507.3	0.000945662	Identical Match	4	True
RBPJ	24864	24864	TF	88.92	87.53	87.67	89.72	87.6	77.38	94.85	93.61	MA1930.2	CTCF	3.51472e-12	MA1116.2	0.173004	Identical Match	2	True
H2AK9ac	129243	50000	Histone	88.91	86.83	91.79	86.03	89.24	77.95	94.58	92.7	MA1890.1	Klf15	1.00532e-11			Paralogue Match	0	True
IRF2	31753	31753	TF	88.9	86.93	88.07	89.56	87.49	77.52	93.77	92.14	MA1893.1	Klf6-7-like	2.81567e-10	MA0051.2	0.00623237	Identical Match	3	True
EED	33175	33175	TF	88.9	88.65	87.71	89.97	88.18	77.73	94.22	92.87	MA1893.1	Klf6-7-like	3.41316e-12			Paralogue Match	0	True
CBFB	18476	18476	TF	88.89	88.53	86.92	90.52	87.72	77.56	93.81	91.26	MA1930.2	CTCF	1.05384e-09			Paralogue Match	0	True
ZNF362	20426	20426	TF	88.88	89.07	85.87	90.96	87.44	77.07	94.25	92.46	MA1930.2	CTCF	7.00953e-09			Paralogue Match	0	True
HMG20A	24288	24288	TF	88.87	87.32	89.33	88.56	88.31	77.8	94.68	93.45	MA1929.2	CTCF	4.2286e-09			Paralogue Match	0	True
NR2F6	59262	50000	TF	88.87	88.05	89.71	88.04	88.87	77.75	93.72	92.0	MA0140.3	GATA1::TAL1	1.54038e-09	MA1539.1	0.0213352	Identical Match	2	True
MIXL1	25659	25659	TF	88.8	86.56	90.33	87.42	88.4	77.64	94.17	93.38	MA1893.1	Klf6-7-like	1.85777e-10			Paralogue Match	0	True
ZNF768	7605	7605	TF	88.79	89.37	87.39	90.04	88.37	77.49	92.77	94.22	MA1893.1	Klf6-7-like	9.27856e-10	MA1731.2	0.234894	Identical Match	1	True
ZNF791	3900	3900	TF	88.77	91.43	84.8	92.51	87.99	77.66	94.79	95.45	MA2107.1	cg	4.19708e-07			Paralogue Match	0	True
ZNF652	15412	15412	TF	88.76	89.03	87.89	89.79	88.46	77.71	95.01	94.59	MA1893.1	Klf6-7-like	5.68133e-10	MA1657.2	0.00781401	Identical Match	6	True
GTF2B	1890	1890	TF	88.76	93.67	81.02	95.34	86.89	77.76	94.01	94.5	MA1890.1	Klf15	6.31898e-11			Paralogue Match	0	True
CBX1	12838	12838	TF	88.75	89.21	85.29	91.47	87.21	77.12	94.69	92.62	MA1893.1	Klf6-7-like	2.27001e-10			Paralogue Match	0	True
KLF4	6883	6883	TF	88.72	88.1	84.08	91.89	86.04	76.53	92.03	91.82	MA1893.1	Klf6-7-like	9.07646e-16	MA0039.5	0.00187139	Identical Match	12	True
HHEX	7808	7808	TF	88.7	86.4	90.42	87.14	88.36	77.47	95.48	94.32	MA1893.1	Klf6-7-like	8.9785e-09			Paralogue Match	0	True
ZFP91	12862	12862	TF	88.7	88.36	87.49	89.73	87.92	77.26	93.44	93.1	MA1893.1	Klf6-7-like	5.17778e-11			Paralogue Match	0	True
ETS1	30554	30554	TF	88.69	87.74	81.87	92.91	84.7	75.86	94.07	90.02	MA1893.1	Klf6-7-like	6.74476e-13	MA0098.4	0.066194	Identical Match	3	True
FOSL2	54934	50000	TF	88.66	88.98	88.07	89.23	88.52	77.31	92.87	91.8	MA1893.1	Klf6-7-like	2.81311e-10	MA0478.2	0.000132202	Identical Match	8	True
GMEB1	22958	22958	TF	88.61	90.24	83.77	92.58	86.89	77.01	94.78	94.21	MA1890.1	Klf15	3.10044e-10			Paralogue Match	0	True
MYRF	6038	6038	TF	88.61	90.03	86.21	90.89	88.08	77.25	92.66	88.81	MA1930.2	CTCF	1.89086e-09			Paralogue Match	0	True
CREB3L1	16274	16274	TF	88.6	89.04	83.36	92.46	86.11	76.58	93.55	91.45	MA1893.1	Klf6-7-like	2.14824e-10	MA0839.2	0.00917433	Identical Match	4	True
MBD2	20596	20596	TF	88.6	90.05	82.23	93.27	85.96	76.58	94.29	92.38	MA1893.1	Klf6-7-like	3.82263e-14			Paralogue Match	0	True
ZNF384	49451	49451	TF	88.58	88.07	88.77	88.29	88.42	77.06	94.86	94.74	MA1930.2	CTCF	1.40086e-09	MA1125.2	5.04502e-05	Identical Match	2	True
ZNF664	26774	26774	TF	88.58	86.11	91.21	86.15	88.58	77.35	94.23	93.8	MA1876.1	Gsx	2.36677e-13			Paralogue Match	0	True
SP7	43425	43425	TF	88.58	88.54	86.35	90.46	87.43	76.97	93.73	92.33	MA1929.2	CTCF	2.99578e-10			Paralogue Match	0	True
AEBP2	2439	2439	TF	88.57	91.33	85.41	91.78	88.27	77.32	92.65	93.95	MA1890.1	Klf15	1.10192e-09			Paralogue Match	0	True
HOMEZ	25047	25047	TF	88.57	85.69	91.35	85.99	88.43	77.28	94.49	93.05	MA1930.2	CTCF	3.10768e-12			Paralogue Match	0	True
ZNF514	1637	1637	TF	88.55	90.64	86.94	91.3	88.75	78.36	93.62	94.15	MA1890.1	Klf15	9.18156e-08			Paralogue Match	0	True
DRAP1	23241	23241	TF	88.55	87.74	87.66	89.34	87.7	77.01	93.04	91.43	MA1893.1	Klf6-7-like	2.95331e-11			Paralogue Match	0	True
HSF1	3588	3588	TF	88.53	88.14	85.44	90.46	86.77	76.13	93.77	93.41	MA1893.1	Klf6-7-like	1.24436e-12	MA0486.2	0.00797232	Identical Match	1	True
FOXA1	144475	50000	TF	88.52	86.8	90.84	86.17	88.77	77.1	94.82	94.45	MA1930.2	CTCF	1.63159e-11	MA0148.5	0.00204172	Identical Match	6	True
KLF10	18933	18933	TF	88.52	88.87	85.46	91.09	87.13	76.85	93.65	91.19	MA1890.1	Klf15	8.37774e-13	MA1511.2	0.00226931	Identical Match	7	True
ZNF18	18879	18879	TF	88.49	88.9	86.82	90.24	87.85	77.17	93.25	92.44						Novel	0	False
GATAD1	22354	22354	TF	88.45	88.42	86.68	90.03	87.54	76.82	92.76	90.62	MA1893.1	Klf6-7-like	2.66098e-11			Paralogue Match	0	True
BRCA1	4271	4271	TF	88.43	91.39	78.46	95.08	84.43	75.87	91.88	90.63	MA1893.1	Klf6-7-like	9.33236e-10			Paralogue Match	0	True
GATA3	89323	50000	TF	88.41	86.56	91.07	85.77	88.76	76.95	93.95	93.68	MA1930.2	CTCF	4.9493e-10			Paralogue Match	0	True
TBX3	16097	16097	TF	88.37	85.78	87.62	88.94	86.69	76.37	92.33	87.32	MA1893.1	Klf6-7-like	7.20369e-13	MA1566.3	0.0704183	Identical Match	2	True
HIC1	24393	24393	TF	88.34	88.28	87.47	89.21	87.87	76.71	95.07	94.7	MA1890.1	Klf15	3.51754e-13			Paralogue Match	0	True
ELF4	19552	19552	TF	88.29	88.63	83.34	91.95	85.91	75.96	91.81	90.4	MA1930.2	CTCF	8.70002e-12	MA0641.1	0.0011156	Identical Match	5	True
KLF7	11741	11741	TF	88.28	89.05	85.94	90.36	87.47	76.46	95.07	95.1	MA1893.1	Klf6-7-like	5.17627e-16	MA1959.2	0.0111374	Identical Match	8	True
MAZ	57653	50000	TF	88.25	90.87	85.32	91.26	88.01	76.68	93.3	92.34	MA1893.1	Klf6-7-like	3.07525e-13	MA1522.2	0.00505016	Identical Match	12	True
YY2	9753	9753	TF	88.25	88.18	86.89	89.59	87.53	76.55	94.5	93.99	MA1890.1	Klf15	9.01894e-11	MA0748.3	0.00907068	Identical Match	10	True
RLF	9482	9482	TF	88.25	90.4	84.26	91.83	87.22	76.48	91.97	89.17	MA1929.2	CTCF	6.32932e-10			Paralogue Match	0	True
ZNF561	21469	21469	TF	88.25	87.7	87.24	89.14	87.47	76.41	92.52	89.34	MA1930.2	CTCF	3.92957e-11			Paralogue Match	0	True
HBP1	13101	13101	TF	88.25	88.29	85.78	90.24	87.02	76.2	94.35	92.31	MA1893.1	Klf6-7-like	1.39229e-09			Paralogue Match	0	True
PBX2	38883	38883	TF	88.24	88.7	85.11	90.84	86.87	76.24	92.57	90.17	MA0140.3	GATA1::TAL1	4.45103e-10	MA1113.3	0.000145589	Identical Match	3	True
GATA2	71662	50000	TF	88.17	87.2	89.11	87.26	88.14	76.37	93.72	92.79	MA0140.3	GATA1::TAL1	4.2033e-08	MA0036.4	0.00522985	Identical Match	7	True
ESRRA	41619	41619	TF	88.17	87.25	86.66	89.43	86.95	76.13	93.13	89.98						Novel	0	False
ZNF189	35323	35323	TF	88.17	87.73	86.46	89.48	87.09	76.02	93.99	92.74	MA1893.1	Klf6-7-like	3.04381e-13	MA1725.2	0.000478891	Identical Match	2	True
MIER2	15598	15598	TF	88.16	88.04	87.41	88.83	87.72	76.26	93.74	92.28	MA1930.2	CTCF	1.4196e-11			Paralogue Match	0	True
TBX21	38025	38025	TF	88.15	86.9	87.91	88.34	87.4	76.21	94.73	94.2	MA1929.2	CTCF	7.06697e-09	MA0690.3	0.00597076	Identical Match	5	True
DMAP1	21794	21794	TF	88.15	86.15	85.93	89.63	86.04	75.58	92.88	89.99	MA1930.2	CTCF	3.89637e-09			Paralogue Match	0	True
RFX3	6180	6180	TF	88.14	88.61	86.8	89.41	87.7	76.27	92.23	93.25	MA1890.1	Klf15	2.91171e-11	MA0798.3	0.0137497	Identical Match	2	True
FEZF1	31350	31350	TF	88.12	88.11	86.7	89.12	87.4	75.88	94.8	93.99	MA1876.1	Gsx	2.82305e-09			Paralogue Match	0	True
ZNF248	2499	2499	TF	88.12	90.99	83.91	92.11	87.31	76.4	92.8	92.85	MA2107.1	cg	1.98535e-08			Paralogue Match	0	True
ZNF600	45001	45001	TF	88.11	87.85	86.98	89.1	87.42	76.12	93.97	90.88	MA1890.1	Klf15	3.69452e-12			Paralogue Match	0	True
NR2F2	55514	50000	TF	88.09	87.92	88.07	88.13	88.0	76.2	95.03	94.56	MA1893.1	Klf6-7-like	4.81855e-10	MA1111.2	0.0195189	Identical Match	9	True
ZNF560	3447	3447	TF	88.07	91.12	84.48	91.68	87.67	76.34	95.15	96.12	MA1596.1	ZNF460	1.58293e-05			Paralogue Match	0	True
BHLHE40	90623	50000	TF	88.01	88.14	87.86	88.19	88.0	76.05	92.37	91.72	MA1893.1	Klf6-7-like	1.80587e-10	MA0464.3	0.0120951	Identical Match	1	True
NFKBIZ	12731	12731	TF	88.0	86.36	87.41	88.32	86.89	75.67	93.2	90.86	MA1893.1	Klf6-7-like	5.23373e-11			Paralogue Match	0	True
SOX6	36530	36530	TF	87.97	87.53	86.83	88.96	87.18	75.83	92.97	91.69	MA1893.1	Klf6-7-like	2.19112e-10			Paralogue Match	0	True
NCOA1	26193	26193	TF	87.95	87.78	80.32	92.79	83.89	74.42	92.56	89.24	MA1930.2	CTCF	5.84149e-17			Paralogue Match	0	True
ZNF2	24945	24945	TF	87.94	89.36	83.7	91.57	86.44	75.77	92.68	91.0	MA1930.2	CTCF	2.31045e-13			Paralogue Match	0	True
JUNB	51972	50000	TF	87.93	88.38	87.66	88.21	88.02	75.87	92.72	91.19	MA1876.1	Gsx	2.25652e-09	MA0490.3	0.000234232	Identical Match	15	True
KDM4B	7803	7803	TF	87.93	92.47	81.11	94.03	86.42	76.1	93.56	94.18	MA1890.1	Klf15	7.45691e-10			Paralogue Match	0	True
ZNF10	17922	17922	TF	87.88	88.17	86.18	89.28	87.16	75.54	93.83	93.93	MA1893.1	Klf6-7-like	1.85429e-11			Paralogue Match	0	True
MYB	3337	3337	TF	87.86	89.57	83.91	91.35	86.65	75.67	94.72	93.1	MA1893.1	Klf6-7-like	8.37041e-11	MA0100.4	0.0817148	Identical Match	3	True
MGA	28338	28338	TF	87.84	87.71	85.33	89.96	86.5	75.47	91.45	85.5	MA1893.1	Klf6-7-like	1.90065e-15			Paralogue Match	0	True
ZBTB2	16341	16341	TF	87.82	90.6	82.91	92.31	86.59	75.81	94.58	94.15	MA1893.1	Klf6-7-like	5.33002e-12			Paralogue Match	0	True
ZEB1	20733	20733	TF	87.82	89.58	81.0	92.95	85.07	75.12	94.37	93.15	MA1890.1	Klf15	9.85971e-11	MA0103.4	0.00400731	Identical Match	7	True
REPIN1	5721	5721	TF	87.81	91.1	81.76	93.0	86.18	75.59	94.22	94.58	MA1890.1	Klf15	4.78466e-09			Paralogue Match	0	True
ZNF148	21902	21902	TF	87.79	90.32	81.52	92.95	85.69	75.47	92.13	92.12	MA1890.1	Klf15	4.25513e-15	MA1653.2	3.59325e-06	Identical Match	28	True
ERF	27611	27611	TF	87.78	87.57	85.42	89.77	86.48	75.36	92.92	90.58	MA1930.2	CTCF	8.967e-12	MA0760.2	0.10735	Identical Match	1	True
KLF8	27450	27450	TF	87.78	89.12	83.46	91.42	86.2	75.38	91.63	88.66	MA1890.1	Klf15	2.22146e-12			Paralogue Match	0	True
MYC	94483	50000	TF	87.77	88.62	86.47	88.97	87.53	75.46	93.73	92.94	MA1893.1	Klf6-7-like	1.54751e-13	MA0147.4	0.00126319	Identical Match	2	True
TRIM22	55932	50000	TF	87.77	98.29	97.7	98.34	97.99	96.04	99.03	99.13	MA1930.2	CTCF	9.82821e-13			Paralogue Match	0	True
RFX5	24728	24728	TF	87.76	85.88	78.39	92.85	81.96	72.83	92.33	89.55	MA1930.2	CTCF	6.66627e-12			Paralogue Match	0	True
DACH1	18904	18904	TF	87.72	87.98	86.65	88.73	87.31	75.42	92.88	92.63	MA1876.1	Gsx	4.44818e-11			Paralogue Match	0	True
ZNF239	4689	4689	TF	87.71	89.26	84.59	90.69	86.87	75.55	92.62	91.05	MA1893.1	Klf6-7-like	1.85024e-10			Paralogue Match	0	True
ZNF366	44505	44505	TF	87.69	98.13	97.68	98.38	97.9	96.09	99.1	98.73	MA1893.1	Klf6-7-like	2.67228e-10			Paralogue Match	0	True
PRDM6	42954	42954	TF	87.65	86.42	88.1	87.26	87.25	75.31	94.46	92.98	MA1876.1	Gsx	1.58603e-12			Paralogue Match	0	True
ATF3	94190	50000	TF	87.61	88.82	85.96	89.17	87.36	75.16	92.96	92.73	MA1930.2	CTCF	2.99007e-08	MA0605.3	0.000159298	Identical Match	4	True
RAD51	36133	36133	TF	87.58	88.83	80.47	92.7	84.45	74.39	93.59	92.92	MA1930.2	CTCF	3.7389e-11			Paralogue Match	0	True
PRDM4	20853	20853	TF	87.55	87.51	86.61	88.44	87.06	75.08	93.45	92.04	MA1893.1	Klf6-7-like	2.56822e-11			Paralogue Match	0	True
KAT8	31059	31059	TF	87.54	86.48	85.32	89.33	85.89	74.75	92.39	89.64	MA1930.2	CTCF	2.50401e-12			Paralogue Match	0	True
MBD1	18264	18264	TF	87.54	85.04	84.1	90.01	84.57	74.25	92.74	88.6	MA1930.2	CTCF	3.01222e-17			Paralogue Match	0	True
PKNOX1	113107	50000	TF	87.54	86.56	88.55	86.5	87.54	75.05	94.59	94.36	MA1930.2	CTCF	4.41114e-10	MA0782.3	0.0137214	Identical Match	13	True
WT1	26226	26226	TF	87.54	86.15	87.23	87.74	86.69	74.92	92.85	89.27	MA1893.1	Klf6-7-like	1.06899e-11			Paralogue Match	0	True
CHD2	41627	41627	TF	87.52	87.88	84.35	90.27	86.08	74.92	93.75	91.52	MA1893.1	Klf6-7-like	9.42189e-13			Paralogue Match	0	True
ZXDB	30796	30796	TF	87.51	86.92	85.29	89.16	86.1	74.57	91.92	88.84	MA1890.1	Klf15	1.13401e-13			Paralogue Match	0	True
HMG20B	12656	12656	TF	87.5	86.9	87.04	87.87	86.97	74.91	93.22	90.82	MA1893.1	Klf6-7-like	4.69166e-11			Paralogue Match	0	True
SIX5	10595	10595	TF	87.49	88.08	71.99	95.16	79.23	71.12	89.33	86.03	MA1930.2	CTCF	1.51058e-10			Paralogue Match	0	True
MAX	94496	50000	TF	87.44	87.67	87.51	87.34	87.59	74.85	92.05	89.23	MA1930.2	CTCF	1.67457e-13	MA0058.4	0.00763319	Identical Match	2	True
TRIM24	35639	35639	TF	87.42	85.57	83.69	89.95	84.62	73.88	93.51	90.72	MA0140.3	GATA1::TAL1	8.16383e-10			Paralogue Match	0	True
NONO	29192	29192	TF; RBP	87.4	89.35	76.7	94.1	82.54	73.16	89.28	84.68	MA1893.1	Klf6-7-like	4.51005e-12			Paralogue Match	0	True
NFE2L1	10261	10261	TF	87.36	90.22	77.73	94.1	83.51	73.89	90.34	91.43	MA1876.1	Gsx	3.11183e-09			Paralogue Match	0	True
ZSCAN16	6915	6915	TF	87.36	88.44	85.73	89.36	87.06	75.18	92.03	89.65	MA1893.1	Klf6-7-like	1.36916e-08	MA2100.1	0.0536457	Identical Match	2	True
ZNF391	12610	12610	TF	87.36	90.01	82.43	91.75	86.05	74.73	92.69	90.97	MA1893.1	Klf6-7-like	4.95042e-13			Paralogue Match	0	True
GATAD2A	59253	50000	TF	87.27	86.4	88.29	86.24	87.34	74.54	92.84	92.14	MA1930.2	CTCF	1.79164e-13			Paralogue Match	0	True
ZNF282	12994	12994	TF	87.23	89.57	82.21	91.63	85.73	74.44	92.1	90.4						Novel	0	False
SMC3	89498	50000	TF	87.23	88.33	85.56	88.88	86.92	74.49	93.67	94.33						Novel	0	False
SMARCA4	94655	50000	TF	87.23	87.47	86.99	87.47	87.23	74.45	92.59	91.47						Novel	0	False
ZNF645	3597	3597	TF	87.19	90.2	82.16	91.7	85.99	74.36	93.82	93.71	MA1893.1	Klf6-7-like	6.02832e-12			Paralogue Match	0	True
SIRT6	831	831	TF	87.18	86.61	85.94	88.28	86.27	74.25	91.81	89.63	MA1893.1	Klf6-7-like	5.87592e-08			Paralogue Match	0	True
ZNF205	17444	17444	TF	87.17	86.32	85.04	88.67	85.68	73.81	93.89	92.45	MA1893.1	Klf6-7-like	1.06896e-12			Paralogue Match	0	True
ZBTB11	34307	34307	TF	87.17	90.1	77.13	94.12	83.11	73.43	93.24	92.37	MA1890.1	Klf15	2.7586e-10	MA2329.1	0.0664691	Identical Match	2	True
KLF13	11590	11590	TF	87.15	86.8	87.05	87.25	86.93	74.3	90.16	85.26	MA1893.1	Klf6-7-like	1.11049e-13	MA0657.2	0.000480553	Identical Match	20	True
NKRF	27626	27626	TF; RBP	87.15	89.94	76.97	94.11	82.95	73.31	93.67	92.25	MA1890.1	Klf15	1.57685e-11			Paralogue Match	0	True
OSR2	33243	33243	TF	87.15	86.7	86.29	87.94	86.49	74.25	92.7	90.29	MA1876.1	Gsx	1.8883e-11	MA1646.2	0.118027	Identical Match	6	True
CC2D1A	24056	24056	TF	87.14	87.1	85.39	88.7	86.24	74.18	92.24	91.48	MA1930.2	CTCF	1.30857e-17			Paralogue Match	0	True
NFIC	74803	50000	TF	87.14	88.12	86.09	88.19	87.09	74.29	92.88	93.61	MA1893.1	Klf6-7-like	1.01307e-11	MA1527.2	6.45237e-09	Identical Match	13	True
ZNF138	1611	1611	TF	87.12	93.67	80.86	93.99	86.79	75.12	93.04	94.92	MA1596.1	ZNF460	2.26941e-08			Paralogue Match	0	True
PHB2	8362	8362	TF	87.11	87.36	85.38	88.63	86.36	74.1	93.7	93.49	MA0140.3	GATA1::TAL1	1.64261e-08			Paralogue Match	0	True
ZHX2	14751	14751	TF	87.11	86.21	83.03	90.11	84.59	73.53	92.57	90.95	MA1930.2	CTCF	5.8599e-10			Paralogue Match	0	True
ZNF614	21841	21841	TF	87.09	85.65	87.05	87.14	86.34	74.12	92.96	90.43	MA1930.2	CTCF	5.75214e-11			Paralogue Match	0	True
ZBTB44	19961	19961	TF	87.09	87.29	86.65	87.55	86.97	74.21	91.7	89.35	MA1876.1	Gsx	3.19928e-10			Paralogue Match	0	True
ZNF501	18650	18650	TF	87.07	89.29	80.33	92.48	84.58	73.92	89.56	85.25	MA1930.2	CTCF	1.06357e-11			Paralogue Match	0	True
ZNF547	4777	4777	TF	87.07	88.48	85.92	88.01	87.18	73.89	93.08	93.55	MA1893.1	Klf6-7-like	5.66396e-09	MA2334.1	6.4108e-06	Identical Match	1	True
E4F1	27783	27783	TF	87.05	87.43	79.92	92.01	83.51	73.08	91.86	88.4	MA1893.1	Klf6-7-like	8.51897e-15			Paralogue Match	0	True
ZNF530	2193	2193	TF	87.0	87.86	84.62	88.95	86.21	73.69	92.54	93.54	MA1893.1	Klf6-7-like	2.07251e-08	MA1981.2	0.00187226	Identical Match	9	True
MYNN	19348	19348	TF	86.97	87.69	83.08	90.2	85.32	73.68	92.29	90.37	MA1930.2	CTCF	2.49947e-11			Paralogue Match	0	True
INSM2	16385	16385	TF	86.94	87.9	84.54	88.95	86.19	73.61	92.8	91.74	MA1893.1	Klf6-7-like	3.53875e-11			Paralogue Match	0	True
ZBTB7B	9156	9156	TF	86.94	88.79	83.09	90.73	85.85	74.23	93.93	93.22	MA1890.1	Klf15	1.58317e-08	MA0694.2	0.366949	Identical Match	1	True
BCL11B	11525	11525	TF	86.93	89.0	83.21	90.33	86.01	73.83	92.01	89.38	MA1893.1	Klf6-7-like	4.18651e-13			Paralogue Match	0	True
ZBTB12	10363	10363	TF	86.93	86.8	85.67	87.75	86.23	73.45	92.9	91.71	MA1893.1	Klf6-7-like	2.21681e-09	MA1649.2	0.052698	Identical Match	3	True
PML	18068	18068	TF	86.92	88.15	82.66	90.43	85.32	73.54	93.87	93.51	MA1893.1	Klf6-7-like	4.24172e-09			Paralogue Match	0	True
SALL2	2489	2489	TF	86.9	90.53	82.91	91.03	86.55	74.1	93.23	94.22	MA1890.1	Klf15	3.85322e-11			Paralogue Match	0	True
NR2F1	70026	50000	TF	86.87	87.15	86.59	87.12	86.87	73.71	93.08	92.05						Novel	0	False
LCORL	10617	10617	TF	86.86	86.48	87.24	86.56	86.86	73.79	93.26	93.83	MA1643.2	NFIB	6.98018e-10			Paralogue Match	0	True
THRB	14895	14895	TF	86.86	86.16	85.93	87.73	86.05	73.67	92.7	91.63	MA1930.2	CTCF	3.18115e-09	MA1575.2	0.00683831	Identical Match	38	True
ZGPAT	33522	33522	TF	86.84	84.54	85.73	87.71	85.13	73.33	90.76	86.79	MA1893.1	Klf6-7-like	3.21011e-11			Paralogue Match	0	True
MIER3	19565	19565	TF	86.83	88.12	83.4	90.0	85.69	73.71	92.53	91.2	MA1893.1	Klf6-7-like	3.77889e-13			Paralogue Match	0	True
KMT2B	17871	17871	TF	86.81	87.49	82.32	90.35	84.82	73.16	92.77	91.54	MA1930.2	CTCF	8.874e-10			Paralogue Match	0	True
TGIF2	18162	18162	TF	86.8	87.04	83.92	89.08	85.45	73.21	92.88	90.99	MA1890.1	Klf15	7.05131e-10			Paralogue Match	0	True
IKZF2	52015	50000	TF	86.79	88.03	85.3	88.27	86.64	73.59	92.67	91.71	MA1890.1	Klf15	7.72029e-13	MA2326.1	0.0345392	Identical Match	4	True
ZBTB33	96111	50000	TF	86.78	92.4	91.64	92.66	92.02	84.31	97.16	96.92	MA1930.2	CTCF	5.2671e-09	MA0527.2	0.137231	Identical Match	2	True
NEUROD1	19165	19165	TF	86.73	87.01	84.26	88.91	85.61	73.34	92.99	91.71	MA1893.1	Klf6-7-like	1.04091e-10			Paralogue Match	0	True
ATF7	105695	50000	TF	86.72	87.68	85.64	87.84	86.65	73.49	92.77	93.41	MA1890.1	Klf15	9.17715e-11	MA0834.2	0.000402178	Identical Match	9	True
SMARCE1	48505	48505	TF	86.71	86.83	85.9	87.31	86.36	73.22	92.37	91.4	MA1893.1	Klf6-7-like	4.71415e-11			Paralogue Match	0	True
RELB	36669	36669	TF	86.71	85.74	83.4	89.28	84.55	72.92	93.6	91.95	MA1893.1	Klf6-7-like	2.56097e-09	MA1117.2	0.196993	Identical Match	2	True
ELF1	70684	50000	TF	86.71	89.48	83.38	90.07	86.32	73.6	93.8	94.5	MA1893.1	Klf6-7-like	3.4077e-11	MA0473.4	0.000750144	Identical Match	7	True
ZNF843	22911	22911	TF	86.68	86.14	84.7	88.33	85.41	73.13	92.05	89.55	MA1890.1	Klf15	3.09249e-14			Paralogue Match	0	True
ATM	2162	2162	TF	86.67	86.26	85.71	87.54	85.99	73.27	93.74	94.31	MA1404.1	BPC1	1.78616e-07			Paralogue Match	0	True
ZNF473	2252	2252	TF	86.67	89.91	83.05	90.18	86.34	73.3	92.54	93.0	MA1893.1	Klf6-7-like	2.78888e-06			Paralogue Match	0	True
MXD4	18180	18180	TF	86.63	86.96	82.05	90.26	84.43	72.84	91.34	88.33	MA1930.2	CTCF	4.75226e-11			Paralogue Match	0	True
ZNF707	3329	3329	TF	86.61	84.44	89.0	84.11	86.66	73.15	93.38	93.31	MA1890.1	Klf15	1.95242e-11	MA1715.1	0.000163192	Identical Match	5	True
CREM	72466	50000	TF	86.61	88.26	84.91	88.35	86.56	73.28	92.96	93.26	MA1893.1	Klf6-7-like	4.91557e-12	MA0609.3	0.121664	Identical Match	2	True
ZNF157	3778	3778	TF	86.6	86.15	86.9	86.32	86.52	73.21	89.54	86.21	MA2331.1	ZNF157	9.72704e-11	MA2331.1	9.72704e-11	Identical Match	8	True
IKZF3	29535	29535	TF	86.59	87.31	84.35	88.69	85.8	73.18	91.99	88.04	MA1893.1	Klf6-7-like	1.82838e-09			Paralogue Match	0	True
DIDO1	7186	7186	TF	86.58	88.79	82.74	90.12	85.66	73.16	92.29	92.48						Novel	0	False
ZSCAN26	2537	2537	TF	86.56	91.32	79.63	92.71	85.08	73.1	93.43	94.67	MA1890.1	Klf15	7.406e-11			Paralogue Match	0	True
MXI1	52982	50000	TF	86.53	88.35	84.0	89.05	86.12	73.16	94.05	94.26	MA1893.1	Klf6-7-like	3.56424e-11	MA1108.3	0.324269	Identical Match	1	True
ZSCAN18	4130	4130	TF	86.51	90.02	80.78	91.77	85.15	73.21	92.3	92.92	MA1893.1	Klf6-7-like	8.90259e-13			Paralogue Match	0	True
CDC5L	5151	5151	TF	86.47	88.9	81.57	90.87	85.08	72.97	93.59	93.67	MA1890.1	Klf15	1.03609e-09			Paralogue Match	0	True
KLF5	11680	11680	TF	86.44	89.28	81.74	91.1	85.35	73.38	92.7	90.15	MA1890.1	Klf15	4.09016e-11	MA0599.1	0.0985163	Identical Match	3	True
ZNF512B	8552	8552	TF	86.43	88.24	79.13	91.98	83.44	72.31	93.26	91.76	MA1890.1	Klf15	1.82482e-11			Paralogue Match	0	True
LARP7	27160	27160	TF; RBP	86.42	88.12	80.48	91.23	84.12	72.54	93.32	92.81	MA1890.1	Klf15	6.27674e-11			Paralogue Match	0	True
ZNF280C	1292	1292	TF	86.42	87.37	84.8	87.56	86.07	72.38	92.27	92.66	MA1890.1	Klf15	3.04332e-09			Paralogue Match	0	True
L3MBTL2	52245	50000	TF	86.41	87.67	84.83	88.01	86.23	72.87	91.05	89.82	MA1930.2	CTCF	3.10612e-11			Paralogue Match	0	True
MCM2	4549	4549	TF	86.41	90.89	80.55	92.12	85.41	73.24	93.45	94.29	MA1890.1	Klf15	1.4636e-11			Paralogue Match	0	True
ZNF404	2249	2249	TF	86.4	88.06	82.98	89.58	85.45	72.82	91.88	93.7	MA1893.1	Klf6-7-like	2.78114e-05			Paralogue Match	0	True
E2F7	2985	2985	TF	86.4	88.7	82.23	90.27	85.34	72.88	91.15	91.4	MA1893.1	Klf6-7-like	1.04398e-10			Paralogue Match	0	True
MTA1	22370	22370	TF	86.34	86.94	81.71	89.92	84.24	72.13	93.57	92.13	MA1890.1	Klf15	2.01462e-11			Paralogue Match	0	True
ZNF324	14713	14713	TF	86.32	89.13	80.46	91.38	84.57	72.58	93.81	93.44	MA1890.1	Klf15	2.60298e-13	MA1977.2	0.331787	Identical Match	1	True
GTF2F1	39350	39350	TF; RBP	86.32	87.36	80.03	91.04	83.54	71.95	92.14	90.16	MA1930.2	CTCF	1.33149e-11			Paralogue Match	0	True
RAD21	188052	50000	TF	86.3	97.73	98.11	97.72	97.92	95.83	99.11	98.99	MA1893.1	Klf6-7-like	3.38215e-13			Paralogue Match	0	True
NR2C1	31898	31898	TF	86.27	84.94	79.04	90.96	81.88	70.99	90.51	85.79	MA1893.1	Klf6-7-like	3.28708e-13	MA1535.2	0.00312755	Identical Match	5	True
RBAK	3642	3642	TF	86.25	85.82	85.66	86.79	85.74	72.46	92.56	93.16	MA1893.1	Klf6-7-like	8.31882e-11			Paralogue Match	0	True
TCF7	30462	30462	TF	86.23	83.48	87.38	85.23	85.39	72.43	92.08	90.33	MA1893.1	Klf6-7-like	2.55738e-10	MA0769.3	0.00200444	Identical Match	5	True
ZNF776	2838	2838	TF	86.23	85.4	84.98	87.12	85.19	72.11	92.22	92.04	MA1893.1	Klf6-7-like	1.00182e-08			Paralogue Match	0	True
ARHGAP35	4817	4817	TF	86.18	89.16	81.99	90.27	85.43	72.56	93.57	93.39	MA1890.1	Klf15	5.25505e-08			Paralogue Match	0	True
STAT1	11457	11457	TF	86.15	87.93	79.09	91.47	83.28	71.62	92.57	90.18	MA1930.2	CTCF	2.36181e-09			Paralogue Match	0	True
ZNF621	1976	1976	TF	86.14	91.4	80.44	91.7	85.57	72.29	92.51	92.93	MA1890.1	Klf15	5.65921e-07			Paralogue Match	0	True
YBX3	2599	2599	TF; RBP	86.12	87.29	81.96	89.53	84.54	71.89	90.9	90.72	MA1890.1	Klf15	9.23546e-11			Paralogue Match	0	True
ZNF610	13333	13333	TF	86.07	88.83	80.3	91.01	84.35	72.0	91.36	89.32	MA1893.1	Klf6-7-like	8.69078e-11	MA1713.2	0.00268985	Identical Match	15	True
OVOL3	9089	9089	TF	86.05	86.55	83.77	88.19	85.14	72.1	90.46	88.66	MA1893.1	Klf6-7-like	9.82798e-12			Paralogue Match	0	True
GLI2	5650	5650	TF	86.05	86.84	85.73	86.73	86.28	72.46	91.17	92.26	MA1876.1	Gsx	1.35108e-12			Paralogue Match	0	True
KLF6	15409	15409	TF	86.05	86.52	81.89	89.5	84.14	71.82	91.14	87.94	MA1930.2	CTCF	1.72354e-10	MA1517.2	0.105156	Identical Match	2	True
ASH1L	7269	7269	TF	85.96	92.5	77.22	94.17	84.17	72.75	92.97	93.93	MA1890.1	Klf15	1.63095e-10			Paralogue Match	0	True
NR3C1	62779	50000	TF	85.91	86.54	85.25	86.59	85.89	71.84	93.29	93.1	MA1893.1	Klf6-7-like	3.3729e-12	MA0113.4	0.0092664	Identical Match	6	True
KLF16	48641	48641	TF	85.91	88.03	82.62	89.11	85.24	71.93	90.83	90.08	MA1930.2	CTCF	5.20826e-11	MA0741.1	0.0158259	Identical Match	9	True
ZNF114	1444	1444	TF	85.91	86.86	79.17	90.98	82.83	71.14	91.36	91.57	MA2107.1	cg	1.8198e-06			Paralogue Match	0	True
PRDM10	68962	50000	TF	85.9	84.87	87.96	83.75	86.39	71.81	91.62	88.42	MA1893.1	Klf6-7-like	4.94007e-11			Paralogue Match	0	True
ZSCAN29	21597	21597	TF	85.87	86.14	78.54	91.07	82.16	70.73	90.3	85.84	MA1893.1	Klf6-7-like	9.58072e-12	MA1602.2	8.86856e-05	Identical Match	3	True
IRF1	32357	32357	TF	85.84	86.81	75.35	92.63	80.68	70.05	89.75	87.82						Novel	0	False
ZSCAN9	17526	17526	TF	85.83	84.9	84.84	86.74	84.87	71.58	91.14	89.95	MA1893.1	Klf6-7-like	1.54009e-10			Paralogue Match	0	True
ZFP3	4550	4550	TF	85.82	85.08	84.44	86.65	84.76	71.12	93.06	93.73	MA1890.1	Klf15	3.68313e-09			Paralogue Match	0	True
TAF7	21002	21002	TF	85.79	91.48	73.92	94.8	81.76	71.45	93.28	92.37	MA1890.1	Klf15	7.24122e-13			Paralogue Match	0	True
MNT	83589	50000	TF	85.79	89.11	81.41	90.11	85.08	71.81	92.76	93.16	MA1893.1	Klf6-7-like	1.1536e-16	MA0825.2	0.00104405	Identical Match	5	True
ZFP37	16553	16553	TF	85.78	87.77	80.11	90.64	83.76	71.48	89.27	86.32	MA1893.1	Klf6-7-like	1.02891e-12			Paralogue Match	0	True
MZF1	17643	17643	TF	85.78	85.83	84.49	86.97	85.16	71.51	91.67	89.93						Novel	0	False
TOE1	29556	29556	TF; RBP	85.74	88.33	77.31	92.11	82.45	70.87	89.5	89.69	MA1893.1	Klf6-7-like	7.66023e-11			Paralogue Match	0	True
PHF21A	8878	8878	TF	85.74	85.92	84.46	87.26	85.18	71.78	88.24	82.19	MA1893.1	Klf6-7-like	7.59998e-10			Paralogue Match	0	True
BACH1	41151	41151	TF	85.62	85.72	81.67	88.85	83.64	70.88	90.78	88.15	MA1893.1	Klf6-7-like	9.48501e-12	MA1633.2	0.0119924	Identical Match	2	True
ZNF7	8038	8038	TF	85.61	86.34	83.54	87.14	84.92	70.74	92.67	92.68	MA1930.2	CTCF	8.13278e-11			Paralogue Match	0	True
ZNF211	1919	1919	TF	85.59	87.55	81.85	88.59	84.6	70.63	91.95	92.44	MA1890.1	Klf15	3.3498e-07	MA1974.2	1.61361e-05	Identical Match	5	True
ZSCAN23	8505	8505	TF	85.58	86.15	82.54	88.26	84.31	71.03	92.3	91.5	MA1890.1	Klf15	1.11995e-09			Paralogue Match	0	True
FOXM1	20757	20757	TF	85.57	88.69	79.27	90.99	83.72	71.03	90.82	89.44	MA1893.1	Klf6-7-like	2.26796e-12			Paralogue Match	0	True
SUPT5H	22469	22469	TF	85.56	87.23	77.35	91.57	81.99	70.28	93.26	92.1	MA1890.1	Klf15	2.85584e-12			Paralogue Match	0	True
BCL3	43282	43282	TF	85.55	87.01	80.81	89.59	83.8	70.91	93.27	92.67						Novel	0	False
TFDP1	30292	30292	TF	85.52	86.74	75.61	92.21	80.8	69.69	89.14	84.38	MA1893.1	Klf6-7-like	1.51695e-12	MA1122.2	0.118234	Identical Match	5	True
TAF9B	13069	13069	TF	85.46	87.11	80.34	89.84	83.58	70.77	87.02	79.88	MA1930.2	CTCF	1.59328e-08			Paralogue Match	0	True
ZNF792	24699	24699	TF	85.46	85.03	82.63	88.06	83.82	70.9	92.95	91.81	MA1893.1	Klf6-7-like	1.74594e-12			Paralogue Match	0	True
SIN3A	65597	50000	TF	85.43	86.1	84.08	86.75	85.07	70.86	93.29	93.11	MA1890.1	Klf15	2.25423e-10			Paralogue Match	0	True
JUND	166033	50000	TF	85.43	86.16	84.51	86.31	85.33	70.83	93.1	93.42	MA1893.1	Klf6-7-like	1.08478e-10	MA0491.3	9.29266e-05	Identical Match	4	True
H3K9me1	196657	50000	Histone	85.43	85.78	89.19	85.16	87.45	74.42	93.75	91.95	MA1893.1	Klf6-7-like	2.98484e-10			Paralogue Match	0	True
BCL11A	33663	33663	TF	85.41	86.88	81.98	88.14	84.36	70.31	92.15	91.13	MA1890.1	Klf15	2.8814e-09	MA2324.1	0.0977618	Identical Match	3	True
POLR2G	59528	50000	TF; RBP	85.39	89.06	80.99	89.84	84.83	71.06	92.98	93.64	MA1890.1	Klf15	1.42222e-10			Paralogue Match	0	True
H3K23me2	77099	50000	Histone	85.39	85.62	85.29	85.56	85.45	70.84	93.76	93.34	MA1893.1	Klf6-7-like	4.15448e-12			Paralogue Match	0	True
NR2C2	29811	29811	TF	85.39	85.08	75.91	91.54	80.24	69.08	89.73	86.9	MA1893.1	Klf6-7-like	5.29303e-12	MA0504.2	0.0317509	Identical Match	6	True
ZNF571	1488	1488	TF	85.34	87.56	81.7	88.84	84.53	70.78	92.7	93.55	MA1890.1	Klf15	3.9209e-10			Paralogue Match	0	True
ZNF311	2206	2206	TF	85.34	87.13	81.23	89.08	84.08	70.67	92.44	93.57	MA1890.1	Klf15	1.55509e-08			Paralogue Match	0	True
EP400	25324	25324	TF	85.29	87.54	77.49	91.56	82.21	70.37	89.96	88.24	MA1893.1	Klf6-7-like	2.91946e-10			Paralogue Match	0	True
ZFP1	12129	12129	TF	85.26	82.71	85.28	85.24	83.98	70.36	91.92	90.8	MA1930.2	CTCF	2.27081e-09			Paralogue Match	0	True
REST	119743	50000	TF	85.25	87.17	82.87	87.66	84.97	70.59	90.84	91.49	MA1930.2	CTCF	1.21458e-13	MA0138.3	0.0284799	Identical Match	6	True
RCOR2	19532	19532	TF	85.25	82.36	86.5	84.24	84.38	70.55	90.5	88.89	MA1893.1	Klf6-7-like	3.36253e-12			Paralogue Match	0	True
SP1	120925	50000	TF	85.24	85.55	84.18	86.19	84.86	70.4	91.19	91.14	MA1930.2	CTCF	4.51739e-09			Paralogue Match	0	True
MCM3	2561	2561	TF	85.24	86.91	81.89	88.19	84.32	70.28	93.0	93.26	MA1890.1	Klf15	7.76243e-10			Paralogue Match	0	True
ZNF169	2873	2873	TF	85.23	85.45	83.3	86.43	84.36	69.79	91.23	90.6	MA1893.1	Klf6-7-like	3.68886e-11			Paralogue Match	0	True
PHF5A	9570	9570	TF	85.23	86.11	78.99	89.21	82.4	68.83	90.52	88.55	MA1930.2	CTCF	2.76479e-09			Paralogue Match	0	True
TSHZ1	11804	11804	TF	85.17	86.72	82.29	87.97	84.45	70.43	92.39	91.76	MA1893.1	Klf6-7-like	6.58506e-13			Paralogue Match	0	True
MTA2	59001	50000	TF	85.15	86.14	83.72	86.57	84.91	70.32	90.5	89.57	MA1893.1	Klf6-7-like	1.66554e-10			Paralogue Match	0	True
GFI1B	10694	10694	TF	85.11	84.87	84.27	85.84	84.57	70.13	91.26	90.52	MA1930.2	CTCF	5.79273e-07			Paralogue Match	0	True
ZNF558	13849	13849	TF	85.1	85.54	82.82	87.19	84.16	70.14	91.1	91.2	MA1893.1	Klf6-7-like	2.85606e-10	MA2335.1	0.0109449	Identical Match	4	True
ZNF19	1998	1998	TF	85.06	90.98	78.32	92.0	84.17	70.88	91.34	93.34	MA1890.1	Klf15	4.08224e-07			Paralogue Match	0	True
SMAD5	22402	22402	TF	85.03	87.74	72.04	93.4	79.12	68.32	92.23	90.37	MA1893.1	Klf6-7-like	9.51924e-11			Paralogue Match	0	True
SNRNP70	871	871	TF; RBP	85.02	88.14	78.2	90.91	82.87	70.03	89.28	89.69	MA1893.1	Klf6-7-like	1.31667e-08			Paralogue Match	0	True
